Workbook

Sheet Operaciones
B2: 2024 | C2: Accidentología (N° accidente/millon de hs trabajadas)
C3: ENE | D3: FEB | E3: MAR | F3: ABR | G3: MAY | H3: JUN | I3: JUL | J3: AGO | K3: SEP | L3: OCT | M3: NOV | N3: DIC
B4: Comirsa
B5: Represa
B6: Chapa
B7: Gasoducto
B8: Rio Turbio
B9: POBA
B10: San Luis
B11: Rincón
B12: Chavez
B13: CABA
B14: Añelo
B15: Vicente Lopez
... B17: Blanca Luna

Sheet Evolución
C3: CABA | D3: POBA | E3: UBA | F3: Bahía Blanca | G3: Comirsa | H3: Olavarría | I3: Rio Colorado | J3: Añelo | K3: AESA | L3: Rincon | M3: Córdoba | N3: San Luis | O3: Salta
B4: Dotación Promedio | C4: ='CABA '!B19 -> 0 | D4: ='POBA -25'!B19 -> 24.25 | E4: =UBA!B19 -> 12.083333 | F4: ='Bahia Blanca'!B19 -> 11.416667 | G4: =Comirsa!B19 -> 5 | H4: =Olavarria!B19 -> 0.83333333 | I4: ='Rio Colorado'!B19 -> 0.83333333 | J4: =Añelo!B19 -> 11.083333 | K4: ='AESA (Punta Arena)'!B19 -> 19.333333 | L4: ='Ricon de los Sauces'!B19 -> 41.714286 | M4: ='Cordoba 2024'!B19 -> 5.25 | N4: ='San Luis - Villa Mercedes'!B19 -> 12.25 | O4: =Salta!B19 -> 7.5
B5: Indice de Incidencia | C5: ='CABA '!E22 -> #DIV/0! | D5: ='POBA -25'!E22 -> 82.474227 | E5: =UBA!E22 -> 0 | F5: ='Bahia Blanca'!E22 -> 0 | G5: =Comirsa!E22 -> 0 | H5: =Olavarria!E22 -> 0 | I5: ='Rio Colorado'!E22 -> 0 | J5: =Añelo!E22 -> 0 | K5: ='AESA (Punta Arena)'!E22 -> 0 | L5: ='Ricon de los Sauces'!E22 -> 23.972603 | M5: ='Cordoba 2024'!E22 -> 0 | N5: ='San Luis - Villa Mercedes'!E22 -> 81.632653 | O5: =Salta!E22 -> 133.33333
B6: Indice de Frecuencia | C6: ='CABA '!E25 -> #DIV/0! | D6: ='POBA -25'!E25 -> 34.896706 | E6: =UBA!E25 -> 0 | F6: ='Bahia Blanca'!E25 -> 0 | G6: =Comirsa!E25 -> 0 | H6: =Olavarria!E25 -> 0 | I6: ='Rio Colorado'!E25 -> 0 | J6: =Añelo!E25 -> 0 | K6: ='AESA (Punta Arena)'!E25 -> 0 | L6: ='Ricon de los Sauces'!E25 -> 17.337032 | M6: ='Cordoba 2024'!E25 -> 0 | N6: ='San Luis - Villa Mercedes'!E25 -> 35.114825 | O6: =Salta!E25 -> 57.077626
B7: Indice de Gravedad | C7: ='CABA '!E28 -> #DIV/0! | D7: ='POBA -25'!E28 -> 0.20618557 | E7: =UBA!E28 -> 0 | F7: ='Bahia Blanca'!E28 -> 0 | G7: =Comirsa!E28 -> 0 | H7: =Olavarria!E28 -> 0 | I7: ='Rio Colorado'!E28 -> 0 | J7: =Añelo!E28 -> 0 | K7: ='AESA (Punta Arena)'!E28 -> 0 | L7: ='Ricon de los Sauces'!E28 -> 0.59931507 | M7: ='Cordoba 2024'!E28 -> 0 | N7: ='San Luis - Villa Mercedes'!E28 -> 0.89795918 | O7: =Salta!E28 -> 8.1333333

Sheet CONSOLIDADO
B2: Operación | C2: Mes | D2: Año | E2: Accidentes | F2: Cada cuantos dias se espera un evento
B3: San Nicolás | C3: Enero | D3: 2024 | E3: 0 | F3: Sin eventos registrados
B4: San Nicolás | C4: Febrero | D4: 2024 | E4: 0 | F4: Sin eventos registrados
B5: San Nicolás | C5: Marzo | D5: 2024 | E5: 0 | F5: Sin eventos registrados
B6: San Nicolás | C6: Abril | D6: 2024 | E6: 0 | F6: Sin eventos registrados
B7: San Nicolás | C7: Mayo | D7: 2024 | E7: 0 | F7: Sin eventos registrados
B8: San Nicolás | C8: Junio | D8: 2024 | E8: 0 | F8: Sin eventos registrados
B9: San Nicolás | C9: Julio | D9: 2024 | E9: 0 | F9: Sin eventos registrados
B10: CABA | C10: Enero | D10: 2024 | E10: 0 | F10: Sin eventos registrados
B11: CABA | C11: Febrero | D11: 2024 | E11: 0 | F11: Sin eventos registrados
B12: CABA | C12: Marzo | D12: 2024 | E12: 0 | F12: Sin eventos registrados
B13: CABA | C13: Abril | D13: 2024 | E13: 0 | F13: Sin eventos registrados
B14: CABA | C14: Mayo | D14: 2024 | E14: 0 | F14: Sin eventos registrados
B15: CABA | C15: Junio | D15: 2024 | E15: 0 | F15: 105
B16: CABA | C16: Julio | D16: 2024 | E16: 2 | F16: 120
B17: POBA | C17: Enero | D17: 2024 | E17: 1 | F17: 60
B18: POBA | C18: Febrero | D18: 2024 | E18: 0 | F18: 90
B19: POBA | C19: Marzo | D19: 2024 | E19: 0 | F19: 120
B20: POBA | C20: Abril | D20: 2024 | E20: 0 | F20: 150
B21: POBA | C21: Mayo | D21: 2024 | E21: 0 | F21: 180
B22: POBA | C22: Junio | D22: 2024 | E22: 0 | F22: 210
B23: POBA | C23: Julio | D23: 2024 | E23: 0 | F23: 240
B24: UBA | C24: Enero | D24: 2024 | E24: 0 | F24: Sin eventos registrados
B25: UBA | C25: Febrero | D25: 2024 | E25: 0 | F25: Sin eventos registrados
B26: UBA | C26: Marzo | D26: 2024 | E26: 0 | F26: Sin eventos registrados
B27: UBA | C27: Abril | D27: 2024 | E27: 0 | F27: Sin eventos registrados
B28: UBA | C28: Mayo | D28: 2024 | E28: 0 | F28: Sin eventos registrados
B29: UBA | C29: Junio | D29: 2024 | E29: 0 | F29: Sin eventos registrados
B30: UBA | C30: Julio | D30: 2024 | E30: 0 | F30: Sin eventos registrados
B31: Bahía Blanca | C31: Enero | D31: 2024 | E31: 0 | F31: Sin eventos registrados
B32: Bahía Blanca | C32: Febrero | D32: 2024 | E32: 0 | F32: Sin eventos registrados
B33: Bahía Blanca | C33: Marzo | D33: 2024 | E33: 0 | F33: Sin eventos registrados
B34: Bahía Blanca | C34: Abril | D34: 2024 | E34: 0 | F34: Sin eventos registrados
B35: Bahía Blanca | C35: Mayo | D35: 2024 | E35: 0 | F35: Sin eventos registrados
... B53: Añelo | C53: Febrero | D53: 2024 | E53: 0 | F53: Sin eventos registrados
B54: Añelo | C54: Marzo | D54: 2024 | E54: 0 | F54: 120
B55: Añelo | C55: Abril | D55: 2024 | E55: 1 | F55: 150
B56: Añelo | C56: Mayo | D56: 2024 | E56: 0 | F56: 180
B57: Añelo | C57: Junio | D57: 2024 | E57: 0 | F57: 210
B58: Añelo | C58: Julio | D58: 2024 | E58: 0 | F58: 240
B59: AESA | C59: Enero | D59: 2024 | E59: 0 | F59: Sin eventos registrados
B60: AESA | C60: Febrero | D60: 2024 | E60: 0 | F60: Sin eventos registrados
B61: AESA | C61: Marzo | D61: 2024 | E61: 0 | F61: Sin eventos registrados
B62: AESA | C62: Abril | D62: 2024 | E62: 0 | F62: Sin eventos registrados
B63: AESA | C63: Mayo | D63: 2024 | E63: 0 | F63: Sin eventos registrados
B64: AESA | C64: Junio | D64: 2024 | E64: 0 | F64: Sin eventos registrados
B65: AESA | C65: Julio | D65: 2024 | E65: 0 | F65: Sin eventos registrados
B66: RINCÓN | C66: Enero | D66: 2024 | E66: 2 | F66: 20
B67: RINCÓN | C67: Febrero | D67: 2024 | E67: 1 | F67: 22.5
B68: RINCÓN | C68: Marzo | D68: 2024 | E68: 1 | F68: 30
B69: RINCÓN | C69: Abril | D69: 2024 | E69: 0 | F69: 37.5
B70: RINCÓN | C70: Mayo | D70: 2024 | E70: 0 | F70: 45
B71: RINCÓN | C71: Junio | D71: 2024 | E71: 0 | F71: 52.5
B72: RINCÓN | C72: Julio | D72: 2024 | E72: 0 | F72: 60
B73: CORDOBA | C73: Enero | D73: 2024 | E73: 0 | F73: Sin eventos registrados
B74: CORDOBA | C74: Febrero | D74: 2024 | E74: 0 | F74: Sin eventos registrados
B75: CORDOBA | C75: Marzo | D75: 2024 | E75: 0 | F75: Sin eventos registrados
B76: CORDOBA | C76: Abril | D76: 2024 | E76: 0 | F76: Sin eventos registrados
B77: CORDOBA | C77: Mayo | D77: 2024 | E77: 0 | F77: Sin eventos registrados
B78: CORDOBA | C78: Junio | D78: 2024 | E78: 0 | F78: Sin eventos registrados
B79: CORDOBA | C79: Julio | D79: 2024 | E79: 0 | F79: Sin eventos registrados
B80: SAN LUIS | C80: Enero | D80: 2024 | E80: 1 | F80: 60
B81: SAN LUIS | C81: Febrero | D81: 2024 | E81: 0 | F81: 90
B82: SAN LUIS | C82: Marzo | D82: 2024 | E82: 0 | F82: 120
B83: SAN LUIS | C83: Abril | D83: 2024 | E83: 0 | F83: 150
B84: SAN LUIS | C84: Mayo | D84: 2024 | E84: 0 | F84: 180
B85: SAN LUIS | C85: Junio | D85: 2024 | E85: 0 | F85: 210
B86: SAN LUIS | C86: Julio | D86: 2024 | E86: 0 | F86: 240
B87: SALTA | C87: Enero | D87: 2024 | E87: 0 | F87: Sin eventos registrados
B88: SALTA | C88: Febrero | D88: 2024 | E88: 0 | F88: Sin eventos registrados
B89: SALTA | C89: Marzo | D89: 2024 | E89: 0 | F89: Sin eventos registrados
B90: SALTA | C90: Abril | D90: 2024 | E90: 0 | F90: Sin eventos registrados
B91: SALTA | C91: Mayo | D91: 2024 | E91: 0 | F91: Sin eventos registrados
B92: SALTA | C92: Junio | D92: 2024 | E92: 0 | F92: 105
B93: SALTA | C93: Julio | D93: 2024 | E93: 2 | F93: 120
B94: BLANCA LUNA | C94: Enero | D94: 2024 | E94: 0 | F94: Sin eventos registrados
B95: BLANCA LUNA | C95: Febrero | D95: 2024 | E95: 0 | F95: Sin eventos registrados
B96: BLANCA LUNA | C96: Marzo | D96: 2024 | E96: 0 | F96: Sin eventos registrados
B97: BLANCA LUNA | C97: Abril | D97: 2024 | E97: 0 | F97: 150
B98: BLANCA LUNA | C98: Mayo | D98: 2024 | E98: 1 | F98: 180
B99: BLANCA LUNA | C99: Junio | D99: 2024 | E99: 0 | F99: 210
B100: BLANCA LUNA | C100: Julio | D100: 2024 | E100: 0 | F100: 240
B101: CHAPADMALAL | C101: Enero | D101: 2024 | E101: 1 | F101: 30
B102: CHAPADMALAL | C102: Febrero | D102: 2024 | E102: 1 | F102: 45
B103: CHAPADMALAL | C103: Marzo | D103: 2024 | E103: 0 | F103: 60
B104: Total | E104: =SUBTOTAL(109,E3:E103) -> 14

Sheet Casos 2023
A2: Apellido y Nombre | B2: operacion | C2: Accidente | D2: Fin ILT | E2: Dias Acc | F2: Tipo de accidente | G2: Cumputa? | H2: 44927 | I2: 44958 | J2: 44986 | K2: 45017 | L2: 45047 | M2: 45078 | N2: 45108 | O2: 45139 | P2: 45170 | Q2: 45200 | R2: 45231 | S2: 45261 | T2: 45292 | U2: 45323 | V2: 45352 | W2: 45383 | X2: 45413 | Y2: 45444 | Z2: 45474 | AA2: 45505 | AB2: 45536 | AC2: 45566 | AD2: 45597 | AE2: 45627 | AF2: 45658 | AG2: 45689 | AH2: 45717 | AI2: 45748 | AJ2: 45778 | AK2: 45809 | AL2: 45839 | AM2: 45870 | AN2: 45901 | AO2: 45931 | AP2: 45962 | AQ2: 45992 | AR2: 46023 | AS2: 46054
A3: SUAREZ MELISA VANINA | B3: chapa | C3: 44937 | D3: 17/01/2023 | E3: 6 | F3: SUFRIÓ UN ESGUINCE EN LA MUÑECA IZQUIERDA | G3: si | H3: x
A4: PALOMINO FEDERICO ALEJANDRO | B4: chapa | C4: 26/01/2023 | D4: 27/01/2023 | E4: 2 | F4: SALPICA AGUA CALIENTE CAYENDO EN ROSTRO Y PIERNA | G4: si | H4: x
A5: AVELLANEDA HECTOR ANIBAL | B5: POBA | C5: 44962 | D5: 09/02/2023 | E5: 5 | F5: ABRIR LA HELADERA SE LE CIERRA LA PIERTA EN LA CARA Y SE GOLPEA OJO DERECHO | G5: si | H5: x
A6: QUINTANA NANCY EDITH | B6: chapa | C6: 11/02/2023 | D6: 13/02/2023 | E6: 2 | F6: REFIERE QUE POR EQUIVOCACION BEBE CERA LIQUIDA | G6: si | I6: x
A7: QUINTANA NANCY EDITH | B7: chapa | C7: 44977 | D7: 22/02/2023 | E7: 2 | F7: REFIERE QUE EN EL TRANSCURSO DEL DIA SE LE INFLAMA EL PIE DCHO ACAUSA DE LAS TAREAS REALIZADAS | G7: si | I7: x
A8: CRUZ NADIA ANAHI BELEN | B8: represa | C8: 25/03/2023 | D8: 19/04/2023 | E8: 23 | F8: E RESBALA Y CAE , GOLPEANDOTE LA CABEZA | G8: si | J8: x | K8: x
A9: ACEVEDO NAHUEL | B9: Gasoducto | C9: 45044 | D9: 11/05/2023 | E9: 14 | F9: BAJANDO UN GARRAFON DE GAS DE UNA DE LAS CAMIONETAS DE LA EMPRESA, SE DESLIZÓ YÉNDOSE AL PISO Y GOLPEANDO LA MANO | G9: si | K9: x | L9: x
A10: PUMALLOCLLA SOLIS NIEVES | B10: turbio | C10: 30/04/2023 | D10: 24/06/2023 | E10: 54 | F10: REF QUE ESTABA SOBRE UNA SILLA LIMPIEANDO UN MICROONDA, LA SILLA SE DIO VUELTA, CAYO DE ESPALDA Y SE GOLPEO EL TALON DERECHO. | G10: si | K10: x | L10: x | M10: x
A11: RAMIREZ ELIZABETH | B11: comirsa | C11: 45055 | D11: 15/05/2023 | E11: 6 | F11: REFIERE QUE AL LEVANTAR UNA PLACA DE HORNO LE AGARRA DOLOR DE HOMBRO IZQUIERDA | G11: si | L11: x
A12: RIVERO YAMILA JULIANA | B12: Gasoducto | C12: 09/05/202 | D12: 29/09/2023 | E12: 144 | F12: ESTABA TRABAJANDO EN UN TRÁILER, QUISO ABRIR LA PUERTA PARA APAGAR LAS LUCES Y SE CERRÓ LA PUERTA APRETÁNDOLE EL DEDO PULGAR DE LA MANO IZQUIERDA, | G12: si | L12: x | M12: x | N12: x | O12: x | P12: x
A13: RODRIGUEZ LUCAS EZEQUIE | B13: cordoba | C13: 11/05/2023 | D13: 18/05/2023 | E13: 3 | F13: TIRON EN LA ZONA LUMBAR | G13: si | L13: x | Q13: x
A14: RODRIGUEZ LUCAS EZEQUIE | B14: cordoba | C14: 09/10/2023 | F14: recaida | G14: si
A15: CUEVAS SARA | B15: chapa | C15: 12/05/2023 | D15: 45184 | E15: 127 | F15: SE ENCONTRABA EN EL BAÑO LIMPIANDO Y SE RESBALA, SE GOLPEA EN LA RODILLA DERECHA, BRAZO DERECHO Y MANO DERECHA | G15: si | L15: x | M15: x | N15: x | O15: x | P15: x
A16: SANCHEZ ELENA BEATRIZ | B16: represa | C16: 01/06/2023 | D16: 25/07/2023 | E16: 44 | F16: SE RESBALA EN EL TRABAJO Y CAE | G16: si | M16: x | N16: x
A17: PONCE VIRGINIA ISABEL | B17: comirsa | C17: 07/06/2023 | D17: 27/06/2023 | E17: 20 | F17: SINTIO UN TIRON EN LA ESPALDA | G17: si | M17: x
A18: RODRIGUEZ MARCIA SABRINA | B18: represa | C18: 45100 | D18: 04/07/2023 | E18: 11 | F18: SE RESBALA Y CAE AL SUELO | G18: si | M18: x
A19: CONTRERA ROMINA ANDREA | B19: represa | C19: 45104 | D19: 18/07/2023 | E19: 20 | F19: SE LE CAE AGUA CALIENTE EN PIE IZQUIERDO | G19: si | M19: x | N19: x
A20: QUINTANA NANCY EDITH | B20: chapa | C20: 14/07/2023 | D20: 30/10/2023 | E20: 109 | F20: ESTABA BAJANDO LAS ESCALERAS, HABIAN ENCERADO Y SE PATINO, | G20: si | O20: x | P20: x | Q20: x | R20: x
A21: AVENIDA SAN MARTIN 200 Loc.LA REJA | B21: bahi blanca | C21: 45130 | D21: 28/07/2023 | E21: 5 | F21: CORTANDO FIAMBRE, LA MAQUINA SE RESBALO Y CUANDO QUISE SUJETARLA HICE MUCHA FUERZA, SENTI UN FUERTE DOLOR EN EL HOMBRO IZQUIERDO | G21: si | N21: x
A22: ACOSTA BRUNO | B22: chapa | C22: 22/09/2023 | D22: 27/09/2023 | E22: 5 | F22: REF QUE ESTABA CARGANDO BATEAS CON ARROS, AL SUBIR UNA ESCALERA COMUN SINTIO UNA PUNTADA EN LA RODILLA IZQ. | G22: si | P22: x
A23: SALAS ROLANDO ANDRES | B23: chapa | C23: 45192 | D23: 02/10/2023 | E23: 9 | F23: REALIZANDO LIMPIEZA DE MESADASE CORTA CON FILO DE LA MISMA EN DEDO PULGAR E INDICE DE MANO IZQUIERDA | G23: si | P23: x | Q23: x
A24: HERNANDEZ GUSTAVO ARIEL | B24: santa cruz | C24: 24/09/2023 | D24: 24/10/2023 | E24: 30 | F24: POR REBALSE DE CLOACAS SE CAE GOLPEANDO ESPALADA, COXIS, CUELLO Y CABEZA CON POSIBLE PERDIDA DE CONOC. RECUPERADA | G24: si | P24: x | Q24: x
A25: ACOSTA BRUNO | B25: chapa | C25: 26/09/2023 | D25: 04/10/2023 | E25: 8 | F25: REFIERE QUE ESTABA TRANSPORTANDO UNA OLLA DE AGUA CALIENTE, BAJANDO POR ESCALERAS, SE LE CAE AGUA SOBRE EL PIE IZQ | G25: si | P25: x | Q25: x
A26: CALVO LUCAS EZEQUIEL | B26: chapa | C26: 29/09/2023 | D26: 04/10/2023 | E26: 6 | F26: REFIERE QUE, AL LEVANTAR UNA OLLA CON UN COMPAÑERO Y AL BAJARLA SIENTE PUNZANTE EN REGION LUMBAR LADO IZQ. | G26: si | P26: x | Q26: x
A27: CRUZ NADIA ANAHI BELEN | B27: represa | C27: 02/10/2023 | D27: 17/10/2023 | E27: 15 | F27: REF QUE ESTABA HACIENDO ENSALADAS, QUISO LEVANTAR UNA FUENTE CON ENSALADA RUSA, ERA MUY PESADA Y SINTIO UN TIRON EN LA ESPALDA. | G27: si | Q27: x
A28: MONDACA CELESTE ROCIO DEL CIELO | B28: bahi blanca | C28: 09/10/2023 | D28: 11/10/2023 | E28: 2 | F28: REF QUE ESTABA LAVANDO CUBIERTO Y SE PINCHO EL DEDO INDICE DE LA MANO DERECHA CON UN CUBIERTO, REF NO PUEDE MOVER LA MANO Y TIENE INFLAMACION EN EL DEDO. | G28: si
A29: VEGA EDUARDO ROBERTO | B29: santa cruz | C29: 11/10/2023 | D29: 25/10/2023 | E29: 45 | F29: REFIERE QUE, LEVANTADO BOLSA DE 25 KG DE HARINA AL LEVANTAR GIRA PARA POSICIONARLA Y SIENTE DOLOR PUNZANTE EN REGION LUMBAR HASTA LA PIERNA IZQ. | G29: si
A30: CRUZ MATIAS NAHUEL | B30: ricon | C30: 45287 | D30: 03/01/2024 | E30: 7 | F30: CORTANDO VERDURAS Y SIENTE UA DISTENSION EN LA MANO DERECHA | G30: si
A31: GONZALEZ FEDERICO | B31: comirsa | C31: 16/11/2023 | D31: 45252 | E31: 7 | F31: LUMBAGO NO ESPECIFICADO | G31: si
A32: AVELLANEDA HECTOR ANIBAL | B32: POBA | C32: 23/12/2023 | D32: 02/01/2024 | E32: 11 | F32: RESBALA Y CAE. PRESENTA GOLPE EN ESPALDA Y CUELLO | G32: si
A33: VEGA EDUARDO ROBERTO | C33: 11/10/2023 | D33: 15/12/2023 | E33: 2 | F33: LUMBALGIA CON CIATICA | G33: si
A34: GUZMAN ANGEL LEONARDO | B34: rincon | C34: 30/11/2023 | D34: 07/12/2023 | E34: 6 | F34: CAE GOLPEANDOSE PIERNA IZQUIERDA | G34: si
A35: ALBORNOZ CARLOS MIGUEL ANGEL | B35: comirsa | C35: 22/11/2023 | D35: 01/12/2023 | E35: 10 | F35: SE QUEMA EN ANTEBRAZO DERECHO SACANDO UNA PLACA DEL HORNO | G35: si
G61: NO | AC61: 3 | AD61: 18
G63: no | AE63: 0 | AF63: 0 | AG63: 0
G65: no | AF65: 1
G66: no | AF66: 1
G67: no | AF67: 3
G69: no | AG69: 1
G71: no | AI71: 14 | AJ71: 31 | AK71: 25
G73: no | AJ73: 10 | AK73: 30 | AL73: 31 | AM73: 8
G74: no | AJ74: 6
H76: =SUM(H4:H74) -> 0 | I76: =SUM(I4:I74) -> 0 | J76: =SUM(J4:J74) -> 0 | K76: =SUM(K4:K74) -> 0 | L76: =SUM(L4:L74) -> 0 | M76: =SUM(M4:M74) -> 0 | N76: =SUM(N4:N74) -> 0 | O76: =SUM(O4:O74) -> 0 | ... AS76: =SUM(AS4:AS74) -> 0

Sheet Casos 2024
A2: Apellido y Nombre | B2: operacion | C2: Accidente | D2: Fin ILT | E2: Dias Acc | F2: Tipo de accidente | G2: Informe de ART | H2: Cumputa? | I2: ene-24 | J2: feb-24 | K2: mar-24 | L2: abr-24 | M2: may-24 | N2: jun-24 | O2: jul-24 | P2: ago-24 | Q2: sep-24 | R2: oct-24 | S2: nov-24 | T2: dic-24
A3: SCHVARZER LUCIANA PAULA | B3: POBA | C3: 45292 | D3: 45301 | E3: 10 | F3: REFIERE QUE ESTABA LLEVANDO EL CARRO CON LAS BANDEJAS CUANDO HACE FUERZA PARA EMPUJARLO SIENTE DOLOR EN EL PIE DERECHO Y DOLOR EN PIERNA IZQ | G3: https://www.provinciart.com.ar/siniestro/3529843 | H3: si | I3: X
A4: PALAVECINO LUCIANA SOLANGE | B4: Rincon | C4: 45294 | D4: 45358 | E4: 5 | F4: REF. QUE CONTINUA CON DOLOR EN PIERNA IZQ DE LA RODILLA HACIA ABAJO C/ HEMATOMA EN LA CANILLA | G4: https://www.provinciart.com.ar/siniestro/3562810 | H4: si | I4: X | J4: X | K4: X
A5: ALDECOA GASPAR SANTIAGO | B5: Chapa | C5: 45300 | D5: 45302 | E5: 3 | F5: REFIERE QUE AL ABRIR UN BIDON QUE CREIA QUE ERA LAVANDINA , AL ASPIRAR EL VAPOR, LE AGARRA MAREOS, NAUSEAS Y TOS | G5: https://www.provinciart.com.ar/siniestro/3533418 | H5: si | I5: X
A6: VALDEZ ANTONELA NOELIA | B6: Rincon | C6: 45313 | D6: 45315 | E6: 2 | F6: REFIERE QUE LAVANDO TACHOS GRANDES Y CAMBROS AL LEVANTARLOS CONTINUAMENTE REF QUE LE TIRA EL HOMBRO DERECHO Y EL CUELLO DEL LADO DERECHO | G6: https://www.provinciart.com.ar/siniestro/3540695 | H6: si | J6: X
A7: LOPEZ ELENA MARIA DEL CARMEN | B7: San Luis | C7: 45318 | D7: 45324 | E7: 6 | F7: REFIERE QUE BAJANDO BANDEJAS HABIA UN VASO ROTO Y SE CORTA CON EL MISMO, DEDO MAYOR D EMANO DERECHA | G7: https://www.provinciart.com.ar/siniestro/3542418 | H7: si | I7: X | J7: X
A8: CEJAS MAXIMILIANO EXEQUIEL | B8: Chapa | C8: 45341 | D8: 45344 | E8: 4 | F8: REF. COMENZO A PRESENTAR DOLOR EN CODO Y MANO DE LADO DERECHO | G8: https://www.provinciart.com.ar/siniestro/3552251 | H8: si | J8: X
A9: VERA ROMINA ELIZABETH | B9: Rincon | C9: 45344 | D9: 45364 | E9: 21 | F9: REFIERE QUE ESTABA HACIENDO UNA LIMPIEZA GENERAL, AGARRA EL BALDE DE AGUA CALIENTE, SE LE RESBALA Y LE CAE EN EL PIE IZQUIERDO QUEMÁNDOSE. | G9: https://www.provinciart.com.ar/siniestro/3554851 | H9: si | J9: X | K9: X
A10: CALVO PARRA MANUEL | B10: UBA | C10: 45369 | D10: 45376 | E10: 8 | F10: REFIERE QUE ESTABA ARMANDO UN CAFE Y SE CHORREO LECHE HERVIDA EN DEDO MEDIO, INDICE Y ANULAR MANO IZQUIERDA. | G10: https://www.provinciart.com.ar/siniestro/3570566 | H10: si | K10: X
A11: MENDEZ EVELYN MELISA | B11: Rincon | C11: 45372 | D11: 45385 | E11: 14 | F11: REF QUE ESTABA SACANDO LAS PAPAS DEL PELA PAPA, HABIA CASCARAS EN EL PISO, SE RESBALO AL VACIAR EL CANASTO EN LA BACHA, REF GOLPE EN LA MANO DERECHA, CAYO DE COLA, REF GOLPE EN CINTURA Y ESPALDA. | G11: https://www.provinciart.com.ar/siniestro/3572740 | H11: si | K11: X | L11: X
A12: ACEVEDO JUAN JOSE | B12: Añelo | C12: 45386 | D12: 45404 | E12: 18 | F12: EL TRABAJADOR SE ENCONTRABA MANEJANDO CUANDO UN ANIMAL SE CRUZÓ EN EL CAMINO Y EMBISTIÓ EL VEHICULO. | G12: https://www.provinciart.com.ar/siniestro/3579329 | H12: si | L12: X
A13: SOSA JORGE EMANUEL | B13: CABA | C13: 45483 | D13: 45488 | E13: 5 | F13: YENDO DE VILLA MARIA A SAN LUIS EN LA CAMIONETA DE LA EMPRESA, CON OTRO EMPLEADO, LOS CHOCA DE ATRAS UN CAMION, LATIGO CERVICAL | G13: https://www.provinciart.com.ar/siniestro/3634336 | H13: si | O13: X
A14: BAREIRO DIEGO FERNANDO | B14: CABA | C14: 45483 | D14: 45488 | E14: 5 | F14: YENDO DE VILLA MARIA A SAN LUIS EN LA CAMIONETA DE LA EMPRESA, CON OTRO EMPLEADO, LOS CHOCA DE ATRAS UN CAMION, LATIGO CERVICAL | G14: https://www.provinciart.com.ar/siniestro/3634323 | H14: si | O14: X
A15: GALLARDO JESUS AUGUSTO | B15: Salta | C15: 45490 | D15: 45499 | E15: 9 | F15: REFIERE QUE ESTABA LLEVANDO COMIDA EN LA CAMIONETA DE LA EMPRESA, CUANDO VOLVÍA, UN AUTO FRENA DE GOLPE Y ÉL LO CHOCA, SE GOLPEA PIERNA DER | G15: https://www.provinciart.com.ar/siniestro/3638468 | H15: si | O15: X
A16: VALDIVIEZO ELIANA GABRIELA | B16: Salta | C16: 45499 | D16: 45513 | E16: 5 | F16: REFIERE CUANDO CARGABA CONSERVADORAS A LA CAMIONETA DE TRABAJO SIENTE TIRON EN HOMBRO IZQUIERDO | G16: https://www.provinciart.com.ar/siniestro/3644984 | H16: si | O16: X
A17: LOPEZ ERNESTO FABIAN | B17: Añelo | C17: 45511 | D17: 45520 | E17: 10 | F17: REFIERE QUE ESTABA AJUSTANDO UNA MAQUINA PROCESADORA HACE UN MOVIMIENTO PARA AJUSTARLA CORTANDOSE EL DEDO ANULAR DERECHO CONTRA LA CUCHILLA.FUE ASISTIDO | G17: https://www.provinciart.com.ar/siniestro/3651940 | H17: si
A18: TORRES ANGEL ADRIAN | B18: Salta | C18: 45506 | D18: 45513 | E18: 10 | F18: REFIERE DENUNCIANTE QUE SACANDO UNA BANDEJA DEL HORNO, RESBALA HACIA TRAS CAE GOLPEANDO LA CABEZA CONTRA EL SUELO Y PARTE DE LA ESPALDA | G18: https://www.provinciart.com.ar/siniestro/3648921 | H18: si | P18: x
A19: SOSA ACOSTA SEBASTIAN ALEJANDRO ARIEL | B19: POBA | C19: 45508 | D19: 45510 | E19: 2 | F19: REFIERE QUE ESTABA REALIZANDO LIMPIEZA GENERAL CUANDO COMENZO CO MAREOS Y SANGRADO NAZAL. | H19: si | Q19: x
A20: FALABELLA JUAN IGNACIO | B20: Olavarria | C20: 45595 | D20: 45652 | E20: 36 | F20: REFIERE QUE YENDO A TRABAJAR COLOCANDOSE EL BUZO SE SUBE A LA AVERDA Y CAE SOBRE EL BRAZO DERECHO Y SE SACA EL HOMBRO DE LUGAR | G20: https://www.provinciart.com.ar/siniestro/3722177 | H20: si | R20: x | S20: x | T20: x
A23: Total | C23: =SUBTOTAL(103,C3:C22) -> 18 | I23: =SUBTOTAL(103,I3:I22) -> 4 | J23: =SUBTOTAL(103,J3:J22) -> 5 | K23: =SUBTOTAL(103,K3:K22) -> 4 | L23: =SUBTOTAL(103,L3:L22) -> 2 | M23: =SUBTOTAL(103,M3:M22) -> 0 | N23: =SUBTOTAL(103,N3:N22) -> 0 | O23: =SUBTOTAL(103,O3:O22) -> 4 | P23: =SUBTOTAL(103,P3:P22) -> 1 | ... T23: =SUBTOTAL(103,T3:T22) -> 1

Sheet Casos 2025
A2: Apellido y Nombre | B2: operacion | C2: Accidente | D2: Fin ILT | E2: Dias Acc | F2: Tipo de accidente | G2: Informe de ART | H2: Inoforme Maximia | I2: Cumputa? | J2: ene-25 | K2: feb-25 | L2: mar-25 | M2: abr-25 | N2: may-25 | O2: jun-25 | P2: jul-25 | Q2: ago-25 | R2: sep-25 | S2: oct-25 | T2: nov-25 | U2: dic-25
A3: FRANCO KEVIN ESPEJO | B3: salta | C3: 45698 | D3: 45777 | E3: 61 | F3: REF SE ENCONTRABA CARGANDO UNA CONSERVADORA A LA CAMIONETA Y SU COMPAÑERO LO AGARRA MAL, ESTO HACE QUE SE LE VENZA EL LADO DE EL Y SUFRA TIRON EN LA MUÑECA DERECHA. | G3: https://www.provinciart.com.ar/siniestro/3783036 | H3: https://maximiasams.sharepoint.com/sites/SGC/Documentos%20compartidos/Forms/AllItems.aspx?id=%2Fsites%2FSGC%2FDocumentos%20compartidos%2F08%20-%20Operaciones%2F03%20-%20Control%20de%20Calidad%2FRegistros%2FHyS%2FCOCINAS%2FSALTA%20%28Guemes%29%2F2025%2FFR%20109%20Informe%20de%20Investigación%20de%20Accidentes&viewid=6eac0f6e-1073-4a98-99d6-a56bf71e815e | I3: si | L3: x | M3: x
A4: HERRERA SANDRO ABEL | B4: rincon de los sauces | C4: 45754 | D4: 45855 | E4: 102 | F4: REF QUE ESTABA CORTANDO FIAMBRE Y SE CORTA EL DEDO MEÑIQUE DE LA MANO IZQ | G4: https://www.provinciart.com.ar/siniestro/3795763 | I4: si | M4: x | N4: x
A5: MARTINEZ THOMAS IGNACIO | B5: rincon de los sauces | C5: 45757 | D5: 45761 | E5: 4 | F5: REFIERE QUE ESTABA ARMNADO UNA MINIPIER Y SE CORTO CON LAS CUCHILLAS EN DEDO ANULAR DERECHO. | G5: https://www.provinciart.com.ar/siniestro/3798551 | H5: https://maximiasams.sharepoint.com/sites/SGC/Documentos%20compartidos/Forms/AllItems.aspx?id=%2Fsites%2FSGC%2FDocumentos%20compartidos%2F08%20-%20Operaciones%2F03%20-%20Control%20de%20Calidad%2FRegistros%2FHyS%2FCOCINAS%2FPLANTA%20DE%20ARENA%2F2025%2FFR%20109-01%20Informe%20Técnico%20de%20Investigación%20de%20Accidentes%20e%20Incidentes&viewid=6eac0f6e-1073-4a98-99d6-a56bf71e815e | I5: si | N5: x
A6: ESPINDOLA RAUL OSCAR | B6: POBA | C6: 45857 | D6: 25/07/2025 | E6: 5 | F6: REFIERE QUE SE ENCONTRABA CARGANDO BIDONES DE LAVANDINA CUANDO AL AGARRAR UNO QUE SE ENCONTRABA ABIERTO LE SALPICA EN EN EL OJO IZQ,REFIERE DOLOR Y ARDOR. | G6: https://www.provinciart.com.ar/siniestro/3863138 | I6: si | P6: x
A7: DOMINGUEZ MONICA GRACIELA | B7: CABA | C7: 45873 | D7: 07/08/2025 | E7: 3 | F7: SE LASTIMO EL PIE IZQUIERDO CON UNA MACETA QUE SE CAYO AL MOMENTO DE REALIZAR LAS TAREAS DE LIMPIEZA RUTINARIAS | G7: https://www.provinciart.com.ar/siniestro/3871826 | I7: si | P7: x
A8: AVELLANEDA IRENE BEATRIZ | B8: POBA | C8: 45862 | D8: 45866 | E8: 4 | F8: REF QUE ESTABA SIRVIENDO LA MERIENDA Y SE LE CAE SOBRE EL BRAZO LECHE CALIENTE | G8: https://www.provinciart.com.ar/siniestro/3866177 | I8: si | P8: x
A9: EBENAU EDGAR EMANUEL | B9: PK 327 | C9: 45904 | D9: 45925 | E9: 21 | F9: REFIERE SE CORTA DEDO MENIQUE Y ANULAR IZQUIERDO POR CUCHILLO EN SU TRABAJO | G9: https://www.provinciart.com.ar/siniestro/3894739 | H9: https://maximiasams.sharepoint.com/sites/SGC/Documentos%20compartidos/Forms/AllItems.aspx?id=%2Fsites%2FSGC%2FDocumentos%20compartidos%2F08%20-%20Operaciones%2F03%20-%20Control%20de%20Calidad%2FRegistros%2FHyS%2FCOCINAS%2FPK%20327%2F2025%2FFR%20107%20Control%20de%20Higiene%20y%20Seguridad%2FFR%20109%20Accidentes&viewid=6eac0f6e-1073-4a98-99d6-a56bf71e815e | I9: si | R9: x
A10: ORELLANA DIEGO MIGUEL | B10: RDA | C10: 45989 | D10: 46049 | E10: 61 | F10: REF SE ENCONTRABA LIMPIANDO UN EXTRACTOR, Y ESTE ESTABA ENCENDIDO Y ROZA UNA HELICE Y SE PRODUCE CORTE EN EL DEDO ANULAR Y MEDIO DE MANO DERECHA. | G10: https://www.provinciart.com.ar/siniestro/3952873 | I10: si | T10: x
A11: BULLONES LAURA ALEJANDRA | B11: PK 327 | C11: 22/11/2025 | D11: 45987 | E11: 6 | F11: REFIERE QUE BAJANDO LA ESCALERA DE UN DEPARTAMENTO EN EL COMPLEJO QUE LE PROVEE LA EMPRESA PARA DIRIGIRSE A SU FUNCION LABORAL SE RESBALA Y CAE TX LUMBAR | G11: https://www.provinciart.com.ar/siniestro/3948922 | I11: si | T11: x
A12: SEPULVEDA JOSE EDUARDO | B12: PK 327 | C12: 46013 | D12: 46015 | E12: 10 | F12: REFIERE QUE, TIRANDO RESIDUOS EN CONTEDEDOR DE HIERRO, SE RESBALA Y GOLPEA ESAPALDA LADO DERECHO (A NIVEL RENAL) CONTRA EL CONTENEDOR. PRESENTA DOLOR EN LA REGIÓN Y HEMATOMA | G12: https://www.provinciart.com.ar/siniestro/3962384 | U12: x
A23: Total | C23: =SUBTOTAL(103,C4:C22) -> 8 | J23: =SUBTOTAL(103,J3:J22) -> 0 | K23: =SUBTOTAL(103,K3:K22) -> 0 | L23: =SUBTOTAL(103,L3:L22) -> 1 | M23: =SUBTOTAL(103,M4:M22) -> 1 | N23: =SUBTOTAL(103,N4:N22) -> 2 | O23: =SUBTOTAL(103,O3:O22) -> 0 | P23: =SUBTOTAL(103,P3:P22) -> 2 | Q23: =SUBTOTAL(103,Q3:Q22) -> 0 | R23: =SUBTOTAL(103,R3:R22) -> 1 | S23: =SUBTOTAL(103,S3:S22) -> 0 | T23: =SUBTOTAL(103,T3:T22) -> 2 | U23: =SUBTOTAL(103,U3:U22) -> 1

Sheet Casos 2026
A2: Apellido y Nombre | B2: operacion | C2: Accidente | D2: Fin ILT | E2: Dias Acc | F2: Tipo de accidente | G2: Informe de ART | H2: Inoforme Maximia | I2: Cumputa? | J2: ene-25 | K2: feb-25 | L2: mar-25 | M2: abr-25 | N2: may-25 | O2: jun-25 | P2: jul-25 | Q2: ago-25 | R2: sep-25 | S2: oct-25 | T2: nov-25 | U2: dic-25
A8: AVELLANEDA IRENE BEATRIZ | B8: POBA | C8: 45862 | D8: 45866 | E8: 4 | F8: REF QUE ESTABA SIRVIENDO LA MERIENDA Y SE LE CAE SOBRE EL BRAZO LECHE CALIENTE | G8: https://www.provinciart.com.ar/siniestro/3866177 | I8: si | P8: x
A23: Total | C23: =SUBTOTAL(103,C4:C22) -> 0 | J23: =SUBTOTAL(103,J3:J22) -> 0 | K23: =SUBTOTAL(103,K3:K22) -> 0 | L23: =SUBTOTAL(103,L3:L22) -> 0 | M23: =SUBTOTAL(103,M4:M22) -> 0 | N23: =SUBTOTAL(103,N4:N22) -> 0 | O23: =SUBTOTAL(103,O3:O22) -> 0 | P23: =SUBTOTAL(103,P3:P22) -> 0 | Q23: =SUBTOTAL(103,Q3:Q22) -> 0 | R23: =SUBTOTAL(103,R3:R22) -> 0 | S23: =SUBTOTAL(103,S3:S22) -> 0 | T23: =SUBTOTAL(103,T3:T22) -> 0 | U23: =SUBTOTAL(103,U3:U22) -> 0

Sheet Añelo 2026
C1: INFORME DE SINIESTRALIDAD | F1: 2026
A2: Añuelo
C3: Estadísticas de Accidentes | H3: Incorporar a tablero de indicadores | K3: Incorporar a tablero de indicadores
A4: Mes y Año | B4: Personal | C4: Hht | D4: Accidentes | E4: Días Caídos | F4: Indice de I | G4: indice de f | H4: Tasa de frecuencia Acumulado año eventos cada millon de horas (YTD) | I4: Tasa de frecuencia Acumulado año eventos cada mil de horas (YTD) | J4: Promedio Mensual de eventos | K4: Cada cuantos dias se espera un evento
A6: 46023 | B6: 16 | C6: =B6*200 -> 3200 | D6: 0 | E6: 0 | F6: =D6*1000/B6*12 -> 0 | G6: =D6*1000000/C6 -> 0 | H6: =+SUM($D$6:D7)*1000000/SUM($C$6:C7) -> 0 | I6: =+H6/1000 -> 0 | J6: =+AVERAGE($D$6:D7) -> 0 | K6: =+IF(J6=0,"Sin eventos registrados",30/J6) -> Sin eventos registrados
A7: 46054 | C7: =B7*200 -> 0 | D7: 0 | E7: 0 | F7: =D7*1000/B7*12 -> #DIV/0! | G7: =D7*1000000/C7 -> #DIV/0! | H7: =+SUM($D$6:D8)*1000000/SUM($C$6:C8) -> 0 | I7: =+H7/1000 -> 0 | J7: =+AVERAGE($D$6:D8) -> 0 | K7: =+IF(J7=0,"Sin eventos registrados",30/J7) -> Sin eventos registrados
A8: 46082 | C8: =B8*200 -> 0 | D8: 0 | E8: 0 | F8: =D8*1000/B8*12 -> #DIV/0! | G8: =D8*1000000/C8 -> #DIV/0! | H8: =+SUM($D$6:D9)*1000000/SUM($C$6:C9) -> 0 | I8: =+H8/1000 -> 0 | J8: =+AVERAGE($D$6:D9) -> 0 | K8: =+IF(J8=0,"Sin eventos registrados",30/J8) -> Sin eventos registrados
A9: 46113 | C9: =B9*200 -> 0 | D9: 0 | E9: 0 | F9: =D9*1000/B9*12 -> #DIV/0! | G9: =D9*1000000/C9 -> #DIV/0! | H9: =+SUM($D$6:D10)*1000000/SUM($C$6:C10) -> 0 | I9: =+H9/1000 -> 0 | J9: =+AVERAGE($D$6:D10) -> 0 | K9: =+IF(J9=0,"Sin eventos registrados",30/J9) -> Sin eventos registrados
A10: 46143 | C10: =B10*200 -> 0 | D10: 0 | E10: 0 | F10: =D10*1000/B10*12 -> #DIV/0! | G10: =D10*1000000/C10 -> #DIV/0! | H10: =+SUM($D$6:D11)*1000000/SUM($C$6:C11) -> 0 | I10: =+H10/1000 -> 0 | J10: =+AVERAGE($D$6:D11) -> 0 | K10: =+IF(J10=0,"Sin eventos registrados",30/J10) -> Sin eventos registrados
A11: 46174 | C11: =B11*200 -> 0 | D11: 0 | E11: 0 | F11: =D11*1000/B11*12 -> #DIV/0! | G11: =D11*1000000/C11 -> #DIV/0! | H11: =+SUM($D$6:D12)*1000000/SUM($C$6:C12) -> 0 | I11: =+H11/1000 -> 0 | J11: =+AVERAGE($D$6:D12) -> 0 | K11: =+IF(J11=0,"Sin eventos registrados",30/J11) -> Sin eventos registrados
A12: 46204 | C12: =B12*200 -> 0 | D12: 0 | E12: 0 | F12: =D12*1000/B12 -> #DIV/0! | G12: =D12*1000000/C12 -> #DIV/0! | H12: =+SUM($D$6:D13)*1000000/SUM($C$6:C13) -> 0 | I12: =+H12/1000 -> 0 | J12: =+AVERAGE($D$6:D13) -> 0 | K12: =+IF(J12=0,"Sin eventos registrados",30/J12) -> Sin eventos registrados
A13: 46235 | C13: =B13*200 -> 0 | D13: 0 | E13: 0 | F13: =D13*1000/B13*12 -> #DIV/0! | G13: =D13*1000000/C13 -> #DIV/0! | H13: =+SUM($D$6:D14)*1000000/SUM($C$6:C14) -> 0 | I13: =+H13/1000 -> 0 | J13: =+AVERAGE($D$6:D14) -> 0 | K13: =+IF(J13=0,"Sin eventos registrados",30/J13) -> Sin eventos registrados
A14: 46266 | C14: =B14*200 -> 0 | D14: 0 | E14: 0 | F14: =D14*1000/B14*12 -> #DIV/0! | G14: =D14*1000000/C14 -> #DIV/0! | H14: =+SUM($D$6:D15)*1000000/SUM($C$6:C15) -> 0 | I14: =+H14/1000 -> 0 | J14: =+AVERAGE($D$6:D15) -> 0 | K14: =+IF(J14=0,"Sin eventos registrados",30/J14) -> Sin eventos registrados
A15: 46296 | C15: =B15*200 -> 0 | D15: 0 | E15: 0 | F15: =D15*1000/B15*12 -> #DIV/0! | G15: =D15*1000000/C15 -> #DIV/0! | H15: =+SUM($D$6:D16)*1000000/SUM($C$6:C16) -> 0 | I15: =+H15/1000 -> 0 | J15: =+AVERAGE($D$6:D16) -> 0 | K15: =+IF(J15=0,"Sin eventos registrados",30/J15) -> Sin eventos registrados
A16: 46327 | C16: =B16*200 -> 0 | D16: 0 | E16: 0 | F16: =D16*1000/B16*12 -> #DIV/0! | G16: =D16*1000000/C16 -> #DIV/0! | H16: =+SUM($D$6:D17)*1000000/SUM($C$6:C17) -> 0 | I16: =+H16/1000 -> 0 | J16: =+AVERAGE($D$6:D17) -> 0 | K16: =+IF(J16=0,"Sin eventos registrados",30/J16) -> Sin eventos registrados
A17: 46357 | C17: =B17*200 -> 0 | D17: 0 | E17: 0 | F17: =D17*1000/B17*12 -> #DIV/0! | G17: =D17*1000000/C17 -> #DIV/0! | H17: =+SUM($D$6:D18)*1000000/SUM($C$6:C18) -> 0 | I17: =+H17/1000 -> 0 | J17: =+AVERAGE($D$6:D18) -> 0 | K17: =+IF(J17=0,"Sin eventos registrados",30/J17) -> Sin eventos registrados
A19: Total/Prom | B19: =SUM(B6:B17)/12 -> 1.3333333 | C19: =SUM(C6:C17) -> 3200 | D19: =SUM(D6:D17) -> 0 | E19: =SUM(E6:E17) -> 0 | F19: =D19*1000/B19 -> 0
A22: Indice de Incidencia = | C22: Trab Siniest x 1.000 | D22: = | E22: =D19*1000/B19 -> 0 | F22: Trabajadores siniestrados por cada 1.000 trabajadores.
C23: Trabajadores exp
A25: Indice de Frecuencia = | C25: Trab Siniest x 1.000.000 | D25: = | E25: =D19*1000000/C19 -> 0 | F25: Trabajadores siniestrados por cada 1.000.000 de hs. trabajadas.
C26: Horas Trabajadas
A28: Indice de Gravedad = | C28: Días Caídos | D28: = | E28: =E19/B19 -> 0 | F28: Cantidad de días no trabajados por acc., por cada trabajador.
A29: (pérdida) | C29: Trabajadores exp
A31: El cálculo del Indice de Incidencia contempla la modificación impuesta por la Res 475/11 Superintendencia de Riesgos de Trabajo:
F58: Lic. Vidal Fernando

Sheet Bahia Blanca (2)
C1: INFORME DE SINIESTRALIDAD | F1: 2026
A2: Bahia Blanca
C3: Estadísticas de Accidentes | H3: Incorporar a tablero de indicadores | K3: Incorporar a tablero de indicadores
A4: Mes y Año | B4: Personal | C4: Hht | D4: Accidentes | E4: Días Caídos | F4: Indice de I | G4: indice de f | H4: Tasa de frecuencia Acumulado año eventos cada millon de horas (YTD) | I4: Tasa de frecuencia Acumulado año eventos cada mil de horas (YTD) | J4: Promedio Mensual de eventos | K4: Cada cuantos dias se espera un evento
A6: 46023 | B6: 5 | C6: =B6*8*22 -> 880 | D6: 0 | E6: 0 | F6: =D6*1000/B6*12 -> 0 | G6: =D6*1000000/C6 -> 0 | H6: =+SUM($D$6:D7)*1000000/SUM($C$6:C7) -> 0 | I6: =+H6/1000 -> 0 | J6: =+AVERAGE($D$6:D7) -> 0 | K6: =+IF(J6=0,"Sin eventos registrados",30/J6) -> Sin eventos registrados
A7: 46054 | C7: =B7*8*22 -> 0 | D7: 0 | E7: 0 | F7: =D7*1000/B7*12 -> #DIV/0! | G7: =D7*1000000/C7 -> #DIV/0! | H7: =+SUM($D$6:D8)*1000000/SUM($C$6:C8) -> 0 | I7: =+H7/1000 -> 0 | J7: =+AVERAGE($D$6:D8) -> 0 | K7: =+IF(J7=0,"Sin eventos registrados",30/J7) -> Sin eventos registrados
A8: 46082 | C8: =B8*8*22 -> 0 | D8: 0 | E8: 0 | F8: =D8*1000/B8*12 -> #DIV/0! | G8: =D8*1000000/C8 -> #DIV/0! | H8: =+SUM($D$6:D9)*1000000/SUM($C$6:C9) -> 0 | I8: =+H8/1000 -> 0 | J8: =+AVERAGE($D$6:D9) -> 0 | K8: =+IF(J8=0,"Sin eventos registrados",30/J8) -> Sin eventos registrados
A9: 46113 | C9: =B9*8*22 -> 0 | D9: 0 | E9: 0 | F9: =D9*1000/B9*12 -> #DIV/0! | G9: =D9*1000000/C9 -> #DIV/0! | H9: =+SUM($D$6:D10)*1000000/SUM($C$6:C10) -> 0 | I9: =+H9/1000 -> 0 | J9: =+AVERAGE($D$6:D10) -> 0 | K9: =+IF(J9=0,"Sin eventos registrados",30/J9) -> Sin eventos registrados
A10: 46143 | C10: =B10*200 -> 0 | D10: 0 | E10: 0 | F10: =D10*1000/B10*12 -> #DIV/0! | G10: =D10*1000000/C10 -> #DIV/0! | H10: =+SUM($D$6:D11)*1000000/SUM($C$6:C11) -> 0 | I10: =+H10/1000 -> 0 | J10: =+AVERAGE($D$6:D11) -> 0 | K10: =+IF(J10=0,"Sin eventos registrados",30/J10) -> Sin eventos registrados
A11: 46174 | C11: =B11*200 -> 0 | D11: 0 | E11: 0 | F11: =D11*1000/B11*12 -> #DIV/0! | G11: =D11*1000000/C11 -> #DIV/0! | H11: =+SUM($D$6:D12)*1000000/SUM($C$6:C12) -> 0 | I11: =+H11/1000 -> 0 | J11: =+AVERAGE($D$6:D12) -> 0 | K11: =+IF(J11=0,"Sin eventos registrados",30/J11) -> Sin eventos registrados
A12: 46204 | C12: =B12*200 -> 0 | D12: 0 | E12: 0 | F12: =D12*1000/B12 -> #DIV/0! | G12: =D12*1000000/C12 -> #DIV/0! | H12: =+SUM($D$6:D13)*1000000/SUM($C$6:C13) -> 0 | I12: =+H12/1000 -> 0 | J12: =+AVERAGE($D$6:D13) -> 0 | K12: =+IF(J12=0,"Sin eventos registrados",30/J12) -> Sin eventos registrados
A13: 46235 | C13: =B13*8*22 -> 0 | D13: 0 | E13: 0 | F13: =D13*1000/B13*12 -> #DIV/0! | G13: =D13*1000000/C13 -> #DIV/0! | H13: =+SUM($D$6:D14)*1000000/SUM($C$6:C14) -> 0 | I13: =+H13/1000 -> 0 | J13: =+AVERAGE($D$6:D14) -> 0 | K13: =+IF(J13=0,"Sin eventos registrados",30/J13) -> Sin eventos registrados
A14: 46266 | C14: =B14*8*22 -> 0 | D14: 0 | E14: 0 | F14: =D14*1000/B14*12 -> #DIV/0! | G14: =D14*1000000/C14 -> #DIV/0! | H14: =+SUM($D$6:D15)*1000000/SUM($C$6:C15) -> 0 | I14: =+H14/1000 -> 0 | J14: =+AVERAGE($D$6:D15) -> 0 | K14: =+IF(J14=0,"Sin eventos registrados",30/J14) -> Sin eventos registrados
A15: 46296 | C15: =B15*8*22 -> 0 | D15: 0 | E15: 0 | F15: =D15*1000/B15*12 -> #DIV/0! | G15: =D15*1000000/C15 -> #DIV/0! | H15: =+SUM($D$6:D16)*1000000/SUM($C$6:C16) -> 0 | I15: =+H15/1000 -> 0 | J15: =+AVERAGE($D$6:D16) -> 0 | K15: =+IF(J15=0,"Sin eventos registrados",30/J15) -> Sin eventos registrados
A16: 46327 | C16: =B16*8*22 -> 0 | D16: 0 | E16: 0 | F16: =D16*1000/B16*12 -> #DIV/0! | G16: =D16*1000000/C16 -> #DIV/0! | H16: =+SUM($D$6:D17)*1000000/SUM($C$6:C17) -> 0 | I16: =+H16/1000 -> 0 | J16: =+AVERAGE($D$6:D17) -> 0 | K16: =+IF(J16=0,"Sin eventos registrados",30/J16) -> Sin eventos registrados
A17: 46357 | C17: =B17*8*22 -> 0 | D17: 0 | E17: 0 | F17: =D17*1000/B17*12 -> #DIV/0! | G17: =D17*1000000/C17 -> #DIV/0! | H17: =+SUM($D$6:D18)*1000000/SUM($C$6:C18) -> 0 | I17: =+H17/1000 -> 0 | J17: =+AVERAGE($D$6:D18) -> 0 | K17: =+IF(J17=0,"Sin eventos registrados",30/J17) -> Sin eventos registrados
A19: Total/Prom | B19: =SUM(B6:B17)/12 -> 0.41666667 | C19: =SUM(C6:C17) -> 880 | D19: =SUM(D6:D17) -> 0 | E19: =SUM(E6:E17) -> 0 | F19: =D19*1000/B19 -> 0
A22: Indice de Incidencia = | C22: Trab Siniest x 1.000 | D22: = | E22: =D19*1000/B19 -> 0 | F22: Trabajadores siniestrados por cada 1.000 trabajadores.
C23: Trabajadores exp
A25: Indice de Frecuencia = | C25: Trab Siniest x 1.000.000 | D25: = | E25: =D19*1000000/C19 -> 0 | F25: Trabajadores siniestrados por cada 1.000.000 de hs. trabajadas.
C26: Horas Trabajadas
A28: Indice de Gravedad = | C28: Días Caídos | D28: = | E28: =E19/B19 -> 0 | F28: Cantidad de días no trabajados por acc., por cada trabajador.
A29: (pérdida) | C29: Trabajadores exp
A31: El cálculo del Indice de Incidencia contempla la modificación impuesta por la Res 475/11 Superintendencia de Riesgos de Trabajo:
F58: Lic. Vidal Fernando

Sheet Casa Central (2)
C1: INFORME DE SINIESTRALIDAD | F1: 2026
A2: Casa Central
C3: Estadísticas de Accidentes | H3: Incorporar a tablero de indicadores | K3: Incorporar a tablero de indicadores
A4: Mes y Año | B4: Personal | C4: Hht | D4: Accidentes | E4: Días Caídos | F4: Indice de I | G4: indice de f | H4: Tasa de frecuencia Acumulado año eventos cada millon de horas (YTD) | I4: Tasa de frecuencia Acumulado año eventos cada mil de horas (YTD) | J4: Promedio Mensual de eventos | K4: Cada cuantos dias se espera un evento
A6: 46023 | B6: 5 | C6: =B6*200 -> 1000 | D6: 0 | E6: 0 | F6: =D6*1000/B6*12 -> 0 | G6: =D6*1000000/C6 -> 0 | H6: =+D7*1000000/C7 -> #DIV/0! | I6: =+H6/1000 -> #DIV/0! | J6: =+AVERAGE($D$6:D7) -> 0 | K6: =+IF(J6=0,"Sin eventos registrados",30/J6) -> Sin eventos registrados
A7: 46054 | C7: =B7*200 -> 0 | D7: 0 | E7: 0 | F7: =D7*1000/B7*12 -> #DIV/0! | G7: =D7*1000000/C7 -> #DIV/0! | H7: =+SUM($D$6:D8)*1000000/SUM($C$6:C8) -> 0 | I7: =+H7/1000 -> 0 | J7: =+AVERAGE($D$6:D8) -> 0 | K7: =+IF(J7=0,"Sin eventos registrados",30/J7) -> Sin eventos registrados
A8: 46082 | C8: =B8*200 -> 0 | D8: 0 | E8: 0 | F8: =D8*1000/B8*12 -> #DIV/0! | G8: =D8*1000000/C8 -> #DIV/0! | H8: =+SUM($D$6:D9)*1000000/SUM($C$6:C9) -> 0 | I8: =+H8/1000 -> 0 | J8: =+AVERAGE($D$6:D9) -> 0 | K8: =+IF(J8=0,"Sin eventos registrados",30/J8) -> Sin eventos registrados
A9: 46113 | C9: =B9*200 -> 0 | D9: 0 | E9: 0 | F9: =D9*1000/B9*12 -> #DIV/0! | G9: =D9*1000000/C9 -> #DIV/0! | H9: =+SUM($D$6:D10)*1000000/SUM($C$6:C10) -> 0 | I9: =+H9/1000 -> 0 | J9: =+AVERAGE($D$6:D10) -> 0 | K9: =+IF(J9=0,"Sin eventos registrados",30/J9) -> Sin eventos registrados
A10: 46143 | C10: =B10*200 -> 0 | D10: 0 | E10: 0 | F10: =D10*1000/B10*12 -> #DIV/0! | G10: =D10*1000000/C10 -> #DIV/0! | H10: =+SUM($D$6:D11)*1000000/SUM($C$6:C11) -> 0 | I10: =+H10/1000 -> 0 | J10: =+AVERAGE($D$6:D11) -> 0 | K10: =+IF(J10=0,"Sin eventos registrados",30/J10) -> Sin eventos registrados
A11: 46174 | C11: =B11*200 -> 0 | D11: 0 | E11: 0 | F11: =D11*1000/B11*12 -> #DIV/0! | G11: =D11*1000000/C11 -> #DIV/0! | H11: =+SUM($D$6:D12)*1000000/SUM($C$6:C12) -> 1000 | I11: =+H11/1000 -> 1 | J11: =+AVERAGE($D$6:D12) -> 0.14285714 | K11: =+IF(J11=0,"Sin eventos registrados",30/J11) -> 210
A12: 46204 | C12: =B12*200 -> 0 | D12: 1 | E12: 2 | F12: =D12*1000/B12 -> #DIV/0! | G12: =D12*1000000/C12 -> #DIV/0! | H12: =+SUM($D$6:D13)*1000000/SUM($C$6:C13) -> 1000 | I12: =+H12/1000 -> 1 | J12: =+AVERAGE($D$6:D13) -> 0.125 | K12: =+IF(J12=0,"Sin eventos registrados",30/J12) -> 240
A13: 46235 | C13: =B13*200 -> 0 | D13: 0 | E13: 0 | F13: =D13*1000/B13*12 -> #DIV/0! | G13: =D13*1000000/C13 -> #DIV/0! | H13: =+SUM($D$6:D14)*1000000/SUM($C$6:C14) -> 1000 | I13: =+H13/1000 -> 1 | J13: =+AVERAGE($D$6:D14) -> 0.11111111 | K13: =+IF(J13=0,"Sin eventos registrados",30/J13) -> 270
A14: 46266 | C14: =B14*200 -> 0 | D14: 0 | E14: 0 | F14: =D14*1000/B14*12 -> #DIV/0! | G14: =D14*1000000/C14 -> #DIV/0! | H14: =+SUM($D$6:D15)*1000000/SUM($C$6:C15) -> 1000 | I14: =+H14/1000 -> 1 | J14: =+AVERAGE($D$6:D15) -> 0.1 | K14: =+IF(J14=0,"Sin eventos registrados",30/J14) -> 300
A15: 46296 | C15: =B15*8*22 -> 0 | D15: 0 | E15: 0 | F15: =D15*1000/B15*12 -> #DIV/0! | G15: =D15*1000000/C15 -> #DIV/0! | H15: =+SUM($D$6:D16)*1000000/SUM($C$6:C16) -> 1000 | I15: =+H15/1000 -> 1 | J15: =+AVERAGE($D$6:D16) -> 0.090909091 | K15: =+IF(J15=0,"Sin eventos registrados",30/J15) -> 330
A16: 46327 | C16: =B16*8*22 -> 0 | D16: 0 | E16: 0 | F16: =D16*1000/B16*12 -> #DIV/0! | G16: =D16*1000000/C16 -> #DIV/0! | H16: =+SUM($D$6:D17)*1000000/SUM($C$6:C17) -> 1000 | I16: =+H16/1000 -> 1 | J16: =+AVERAGE($D$6:D17) -> 0.083333333 | K16: =+IF(J16=0,"Sin eventos registrados",30/J16) -> 360
A17: 46357 | C17: =B17*8*22 -> 0 | D17: 0 | E17: 0 | F17: =D17*1000/B17*12 -> #DIV/0! | G17: =D17*1000000/C17 -> #DIV/0! | H17: =+SUM($D$6:D18)*1000000/SUM($C$6:C18) -> 1000 | I17: =+H17/1000 -> 1 | J17: =+AVERAGE($D$6:D18) -> 0.083333333 | K17: =+IF(J17=0,"Sin eventos registrados",30/J17) -> 360
A19: Total/Prom | B19: =SUM(B6:B17)/12 -> 0.41666667 | C19: =SUM(C6:C17) -> 1000 | D19: =SUM(D6:D17) -> 1 | E19: =SUM(E6:E17) -> 2 | F19: =D19*1000/B19 -> 2400
A22: Indice de Incidencia = | C22: Trab Siniest x 1.000 | D22: = | E22: =D19*1000/B19 -> 2400 | F22: Trabajadores siniestrados por cada 1.000 trabajadores.
C23: Trabajadores exp
A25: Indice de Frecuencia = | C25: Trab Siniest x 1.000.000 | D25: = | E25: =D19*1000000/C19 -> 1000 | F25: Trabajadores siniestrados por cada 1.000.000 de hs. trabajadas.
C26: Horas Trabajadas
A28: Indice de Gravedad = | C28: Días Caídos | D28: = | E28: =E19/B19 -> 4.8 | F28: Cantidad de días no trabajados por acc., por cada trabajador.
A29: (pérdida) | C29: Trabajadores exp
A31: El cálculo del Indice de Incidencia contempla la modificación impuesta por la Res 475/11 Superintendencia de Riesgos de Trabajo:
F58: Lic. Vidal Fernando

Sheet Casa Central 2026
C1: INFORME DE SINIESTRALIDAD | F1: 2026
A2: Casa Central
C3: Estadísticas de Accidentes | H3: Incorporar a tablero de indicadores | K3: Incorporar a tablero de indicadores
A4: Mes y Año | B4: Personal | C4: Hht | D4: Accidentes | E4: Días Caídos | F4: Indice de I | G4: indice de f | H4: Tasa de frecuencia Acumulado año eventos cada millon de horas (YTD) | I4: Tasa de frecuencia Acumulado año eventos cada mil de horas (YTD) | J4: Promedio Mensual de eventos | K4: Cada cuantos dias se espera un evento
A6: 46023 | B6: 68 | C6: =B6*200 -> 13600 | D6: 0 | E6: 0 | F6: =D6*1000/B6*12 -> 0 | G6: =D6*1000000/C6 -> 0 | H6: =+SUM($D$6:D7)*1000000/SUM($C$6:C7) -> 0 | I6: =+H6/1000 -> 0 | J6: =+AVERAGE($D$6:D7) -> 0 | K6: =+IF(J6=0,"Sin eventos registrados",30/J6) -> Sin eventos registrados
A7: 46054 | C7: =B7*200 -> 0 | D7: 0 | E7: 0 | F7: =D7*1000/B7*12 -> #DIV/0! | G7: =D7*1000000/C7 -> #DIV/0! | H7: =+SUM($D$6:D8)*1000000/SUM($C$6:C8) -> 0 | I7: =+H7/1000 -> 0 | J7: =+AVERAGE($D$6:D8) -> 0 | K7: =+IF(J7=0,"Sin eventos registrados",30/J7) -> Sin eventos registrados
A8: 46082 | C8: =B8*200 -> 0 | D8: 0 | E8: 0 | F8: =D8*1000/B8*12 -> #DIV/0! | G8: =D8*1000000/C8 -> #DIV/0! | H8: =+SUM($D$6:D9)*1000000/SUM($C$6:C9) -> 0 | I8: =+H8/1000 -> 0 | J8: =+AVERAGE($D$6:D9) -> 0 | K8: =+IF(J8=0,"Sin eventos registrados",30/J8) -> Sin eventos registrados
A9: 46113 | C9: =B9*200 -> 0 | D9: 0 | E9: 0 | F9: =D9*1000/B9*12 -> #DIV/0! | G9: =D9*1000000/C9 -> #DIV/0! | H9: =+SUM($D$6:D10)*1000000/SUM($C$6:C10) -> 0 | I9: =+H9/1000 -> 0 | J9: =+AVERAGE($D$6:D10) -> 0 | K9: =+IF(J9=0,"Sin eventos registrados",30/J9) -> Sin eventos registrados
A10: 46143 | C10: =B10*200 -> 0 | D10: 0 | E10: 0 | F10: =D10*1000/B10*12 -> #DIV/0! | G10: =D10*1000000/C10 -> #DIV/0! | H10: =+SUM($D$6:D11)*1000000/SUM($C$6:C11) -> 0 | I10: =+H10/1000 -> 0 | J10: =+AVERAGE($D$6:D11) -> 0 | K10: =+IF(J10=0,"Sin eventos registrados",30/J10) -> Sin eventos registrados
A11: 46174 | C11: =B11*200 -> 0 | D11: 0 | E11: 0 | F11: =D11*1000/B11*12 -> #DIV/0! | G11: =D11*1000000/C11 -> #DIV/0! | H11: =+SUM($D$6:D12)*1000000/SUM($C$6:C12) -> 0 | I11: =+H11/1000 -> 0 | J11: =+AVERAGE($D$6:D12) -> 0 | K11: =+IF(J11=0,"Sin eventos registrados",30/J11) -> Sin eventos registrados
A12: 46204 | C12: =B12*200 -> 0 | D12: 0 | E12: 0 | F12: =D12*1000/B12 -> #DIV/0! | G12: =D12*1000000/C12 -> #DIV/0! | H12: =+SUM($D$6:D13)*1000000/SUM($C$6:C13) -> 0 | I12: =+H12/1000 -> 0 | J12: =+AVERAGE($D$6:D13) -> 0 | K12: =+IF(J12=0,"Sin eventos registrados",30/J12) -> Sin eventos registrados
A13: 46235 | C13: =B13*200 -> 0 | D13: 0 | E13: 0 | F13: =D13*1000/B13*12 -> #DIV/0! | G13: =D13*1000000/C13 -> #DIV/0! | H13: =+SUM($D$6:D14)*1000000/SUM($C$6:C14) -> 0 | I13: =+H13/1000 -> 0 | J13: =+AVERAGE($D$6:D14) -> 0 | K13: =+IF(J13=0,"Sin eventos registrados",30/J13) -> Sin eventos registrados
A14: 46266 | C14: =B14*200 -> 0 | D14: 0 | E14: 0 | F14: =D14*1000/B14*12 -> #DIV/0! | G14: =D14*1000000/C14 -> #DIV/0! | H14: =+SUM($D$6:D15)*1000000/SUM($C$6:C15) -> 0 | I14: =+H14/1000 -> 0 | J14: =+AVERAGE($D$6:D15) -> 0 | K14: =+IF(J14=0,"Sin eventos registrados",30/J14) -> Sin eventos registrados
A15: 46296 | C15: =B15*8*22 -> 0 | D15: 0 | E15: 0 | F15: =D15*1000/B15*12 -> #DIV/0! | G15: =D15*1000000/C15 -> #DIV/0! | H15: =+SUM($D$6:D16)*1000000/SUM($C$6:C16) -> 0 | I15: =+H15/1000 -> 0 | J15: =+AVERAGE($D$6:D16) -> 0 | K15: =+IF(J15=0,"Sin eventos registrados",30/J15) -> Sin eventos registrados
A16: 46327 | C16: =B16*8*22 -> 0 | D16: 0 | E16: 0 | F16: =D16*1000/B16*12 -> #DIV/0! | G16: =D16*1000000/C16 -> #DIV/0! | H16: =+SUM($D$6:D17)*1000000/SUM($C$6:C17) -> 0 | I16: =+H16/1000 -> 0 | J16: =+AVERAGE($D$6:D17) -> 0 | K16: =+IF(J16=0,"Sin eventos registrados",30/J16) -> Sin eventos registrados
A17: 46357 | C17: =B17*8*22 -> 0 | D17: 0 | E17: 0 | F17: =D17*1000/B17*12 -> #DIV/0! | G17: =D17*1000000/C17 -> #DIV/0! | H17: =+SUM($D$6:D18)*1000000/SUM($C$6:C18) -> 0 | I17: =+H17/1000 -> 0 | J17: =+AVERAGE($D$6:D18) -> 0 | K17: =+IF(J17=0,"Sin eventos registrados",30/J17) -> Sin eventos registrados
A19: Total/Prom | B19: =SUM(B6:B17)/12 -> 5.6666667 | C19: =SUM(C6:C17) -> 13600 | D19: =SUM(D6:D17) -> 0 | E19: =SUM(E6:E17) -> 0 | F19: =D19*1000/B19 -> 0
A22: Indice de Incidencia = | C22: Trab Siniest x 1.000 | D22: = | E22: =D19*1000/B19 -> 0 | F22: Trabajadores siniestrados por cada 1.000 trabajadores.
C23: Trabajadores exp
A25: Indice de Frecuencia = | C25: Trab Siniest x 1.000.000 | D25: = | E25: =D19*1000000/C19 -> 0 | F25: Trabajadores siniestrados por cada 1.000.000 de hs. trabajadas.
C26: Horas Trabajadas
A28: Indice de Gravedad = | C28: Días Caídos | D28: = | E28: =E19/B19 -> 0 | F28: Cantidad de días no trabajados por acc., por cada trabajador.
A29: (pérdida) | C29: Trabajadores exp
A31: El cálculo del Indice de Incidencia contempla la modificación impuesta por la Res 475/11 Superintendencia de Riesgos de Trabajo:
F58: Lic. Vidal Fernando

Sheet AESA (Punta Arena) 2026
C1: INFORME DE SINIESTRALIDAD | F1: 2026
A2: Punta arena
C3: Estadísticas de Accidentes | H3: Incorporar a tablero de indicadores | K3: Incorporar a tablero de indicadores
A4: Mes y Año | B4: Personal | C4: Hht | D4: Accidentes | E4: Días Caídos | F4: Indice de I | G4: indice de f | H4: Tasa de frecuencia Acumulado año eventos cada millon de horas (YTD) | I4: Tasa de frecuencia Acumulado año eventos cada mil de horas (YTD) | J4: Promedio Mensual de eventos | K4: Cada cuantos dias se espera un evento
A6: 46023 | B6: 18 | C6: =B6*200 -> 3600 | D6: 0 | E6: 0 | F6: =D6*1000/B6*12 -> 0 | G6: =D6*1000000/C6 -> 0 | H6: =+SUM($D$6:D7)*1000000/SUM($C$6:C7) -> 0 | I6: =+H6/1000 -> 0 | J6: =+AVERAGE($D$6:D7) -> 0 | K6: =+IF(J6=0,"Sin eventos registrados",30/J6) -> Sin eventos registrados
A7: 46054 | C7: =B7*200 -> 0 | D7: 0 | E7: 0 | F7: =D7*1000/B7*12 -> #DIV/0! | G7: =D7*1000000/C7 -> #DIV/0! | H7: =+SUM($D$6:D8)*1000000/SUM($C$6:C8) -> 0 | I7: =+H7/1000 -> 0 | J7: =+AVERAGE($D$6:D8) -> 0 | K7: =+IF(J7=0,"Sin eventos registrados",30/J7) -> Sin eventos registrados
A8: 46082 | C8: =B8*200 -> 0 | D8: 0 | E8: 0 | F8: =D8*1000/B8*12 -> #DIV/0! | G8: =D8*1000000/C8 -> #DIV/0! | H8: =+SUM($D$6:D9)*1000000/SUM($C$6:C9) -> 0 | I8: =+H8/1000 -> 0 | J8: =+AVERAGE($D$6:D9) -> 0 | K8: =+IF(J8=0,"Sin eventos registrados",30/J8) -> Sin eventos registrados
A9: 46113 | C9: =B9*200 -> 0 | D9: 0 | E9: 0 | F9: =D9*1000/B9*12 -> #DIV/0! | G9: =D9*1000000/C9 -> #DIV/0! | H9: =+SUM($D$6:D10)*1000000/SUM($C$6:C10) -> 0 | I9: =+H9/1000 -> 0 | J9: =+AVERAGE($D$6:D10) -> 0 | K9: =+IF(J9=0,"Sin eventos registrados",30/J9) -> Sin eventos registrados
A10: 46143 | C10: =B10*200 -> 0 | D10: 0 | E10: 0 | F10: =D10*1000/B10*12 -> #DIV/0! | G10: =D10*1000000/C10 -> #DIV/0! | H10: =+SUM($D$6:D11)*1000000/SUM($C$6:C11) -> 0 | I10: =+H10/1000 -> 0 | J10: =+AVERAGE($D$6:D11) -> 0 | K10: =+IF(J10=0,"Sin eventos registrados",30/J10) -> Sin eventos registrados
A11: 46174 | C11: =B11*200 -> 0 | D11: 0 | E11: 0 | F11: =D11*1000/B11 -> #DIV/0! | G11: =D11*1000000/C11 -> #DIV/0! | H11: =+SUM($D$6:D12)*1000000/SUM($C$6:C12) -> 0 | I11: =+H11/1000 -> 0 | J11: =+AVERAGE($D$6:D12) -> 0 | K11: =+IF(J11=0,"Sin eventos registrados",30/J11) -> Sin eventos registrados
A12: 46204 | C12: =B12*200 -> 0 | D12: 0 | E12: 0 | F12: =D12*1000/B12*12 -> #DIV/0! | G12: =D12*1000000/C12 -> #DIV/0! | H12: =+SUM($D$6:D13)*1000000/SUM($C$6:C13) -> 0 | I12: =+H12/1000 -> 0 | J12: =+AVERAGE($D$6:D13) -> 0 | K12: =+IF(J12=0,"Sin eventos registrados",30/J12) -> Sin eventos registrados
A13: 46235 | C13: =B13*200 -> 0 | D13: 0 | E13: 0 | F13: =D13*1000/B13*12 -> #DIV/0! | G13: =D13*1000000/C13 -> #DIV/0! | H13: =+SUM($D$6:D14)*1000000/SUM($C$6:C14) -> 0 | I13: =+H13/1000 -> 0 | J13: =+AVERAGE($D$6:D14) -> 0 | K13: =+IF(J13=0,"Sin eventos registrados",30/J13) -> Sin eventos registrados
A14: 46266 | C14: =B14*8*22 -> 0 | D14: 0 | E14: 0 | F14: =D14*1000/B14*12 -> #DIV/0! | G14: =D14*1000000/C14 -> #DIV/0! | H14: =+SUM($D$6:D15)*1000000/SUM($C$6:C15) -> 0 | I14: =+H14/1000 -> 0 | J14: =+AVERAGE($D$6:D15) -> 0 | K14: =+IF(J14=0,"Sin eventos registrados",30/J14) -> Sin eventos registrados
A15: 46296 | C15: =B15*8*22 -> 0 | D15: 0 | E15: 0 | F15: =D15*1000/B15*12 -> #DIV/0! | G15: =D15*1000000/C15 -> #DIV/0! | H15: =+SUM($D$6:D16)*1000000/SUM($C$6:C16) -> 0 | I15: =+H15/1000 -> 0 | J15: =+AVERAGE($D$6:D16) -> 0 | K15: =+IF(J15=0,"Sin eventos registrados",30/J15) -> Sin eventos registrados
A16: 46327 | C16: =B16*8*22 -> 0 | D16: 0 | E16: 0 | F16: =D16*1000/B16*12 -> #DIV/0! | G16: =D16*1000000/C16 -> #DIV/0! | H16: =+SUM($D$6:D17)*1000000/SUM($C$6:C17) -> 0 | I16: =+H16/1000 -> 0 | J16: =+AVERAGE($D$6:D17) -> 0 | K16: =+IF(J16=0,"Sin eventos registrados",30/J16) -> Sin eventos registrados
A17: 46357 | C17: =B17*8*22 -> 0 | D17: 0 | E17: 0 | F17: =D17*1000/B17*12 -> #DIV/0! | G17: =D17*1000000/C17 -> #DIV/0! | H17: =+SUM($D$6:D18)*1000000/SUM($C$6:C18) -> 0 | I17: =+H17/1000 -> 0 | J17: =+AVERAGE($D$6:D18) -> 0 | K17: =+IF(J17=0,"Sin eventos registrados",30/J17) -> Sin eventos registrados
B18: 0
A19: Total/Prom | B19: =SUM(B6:B17)/12 -> 1.5 | C19: =SUM(C6:C17) -> 3600 | D19: =SUM(D6:D17) -> 0 | E19: =SUM(E6:E17) -> 0 | F19: =D19*1000/B19 -> 0
A22: Indice de Incidencia = | C22: Trab Siniest x 1.000 | D22: = | E22: =D19*1000/B19 -> 0 | F22: Trabajadores siniestrados por cada 1.000 trabajadores.
C23: Trabajadores exp
A25: Indice de Frecuencia = | C25: Trab Siniest x 1.000.000 | D25: = | E25: =D19*1000000/C19 -> 0 | F25: Trabajadores siniestrados por cada 1.000.000 de hs. trabajadas.
C26: Horas Trabajadas
A28: Indice de Gravedad = | C28: Días Caídos | D28: = | E28: =E19/B19 -> 0 | F28: Cantidad de días no trabajados por acc., por cada trabajador.
A29: (pérdida) | C29: Trabajadores exp
A31: El cálculo del Indice de Incidencia contempla la modificación impuesta por la Res 475/11 Superintendencia de Riesgos de Trabajo:
E58: Lic. Vidal Fernando

Sheet POBA -25 2026
C1: INFORME DE SINIESTRALIDAD | F1: 2026
A2: Policlinico
C3: Estadísticas de Accidentes | H3: Incorporar a tablero de indicadores | K3: Incorporar a tablero de indicadores
A4: Mes y Año | B4: Personal | C4: Hht | D4: Accidentes | E4: Días Caídos | F4: Indice de I | G4: indice de f | H4: Tasa de frecuencia Acumulado año eventos cada millon de horas (YTD) | I4: Tasa de frecuencia Acumulado año eventos cada mil de horas (YTD) | J4: Promedio Mensual de eventos | K4: Cada cuantos dias se espera un evento
A6: 46023 | B6: 9 | C6: =B6*200 -> 1800 | D6: 0 | E6: 0 | F6: =D6*1000/B6*12 -> 0 | G6: =D6*1000000/C6 -> 0 | H6: =+SUM($D$6:D7)*1000000/SUM($C$6:C7) -> 0 | I6: =+H6/1000 -> 0 | J6: =+AVERAGE($D$6:D7) -> 0 | K6: =+IF(J6=0,"Sin eventos registrados",30/J6) -> Sin eventos registrados
A7: 46054 | C7: =B7*200 -> 0 | D7: 0 | E7: 0 | F7: =D7*1000/B7*12 -> #DIV/0! | G7: =D7*1000000/C7 -> #DIV/0! | H7: =+SUM($D$6:D8)*1000000/SUM($C$6:C8) -> 0 | I7: =+H7/1000 -> 0 | J7: =+AVERAGE($D$6:D8) -> 0 | K7: =+IF(J7=0,"Sin eventos registrados",30/J7) -> Sin eventos registrados
A8: 46082 | C8: =B8*200 -> 0 | D8: 0 | E8: 0 | F8: =D8*1000/B8*12 -> #DIV/0! | G8: =D8*1000000/C8 -> #DIV/0! | H8: =+SUM($D$6:D9)*1000000/SUM($C$6:C9) -> 0 | I8: =+H8/1000 -> 0 | J8: =+AVERAGE($D$6:D9) -> 0 | K8: =+IF(J8=0,"Sin eventos registrados",30/J8) -> Sin eventos registrados
A9: 46113 | C9: =B9*200 -> 0 | D9: 0 | E9: 0 | F9: =D9*1000/B9*12 -> #DIV/0! | G9: =D9*1000000/C9 -> #DIV/0! | H9: =+SUM($D$6:D10)*1000000/SUM($C$6:C10) -> 0 | I9: =+H9/1000 -> 0 | J9: =+AVERAGE($D$6:D10) -> 0 | K9: =+IF(J9=0,"Sin eventos registrados",30/J9) -> Sin eventos registrados
A10: 46143 | C10: =B10*200 -> 0 | D10: 0 | E10: 0 | F10: =D10*1000/B10*12 -> #DIV/0! | G10: =D10*1000000/C10 -> #DIV/0! | H10: =+SUM($D$6:D11)*1000000/SUM($C$6:C11) -> 0 | I10: =+H10/1000 -> 0 | J10: =+AVERAGE($D$6:D11) -> 0 | K10: =+IF(J10=0,"Sin eventos registrados",30/J10) -> Sin eventos registrados
A11: 46174 | C11: =B11*200 -> 0 | D11: 0 | E11: 0 | F11: =D11*1000/B11 -> #DIV/0! | G11: =D11*1000000/C11 -> #DIV/0! | H11: =+SUM($D$6:D12)*1000000/SUM($C$6:C12) -> 0 | I11: =+H11/1000 -> 0 | J11: =+AVERAGE($D$6:D12) -> 0 | K11: =+IF(J11=0,"Sin eventos registrados",30/J11) -> Sin eventos registrados
A12: 46204 | C12: =B12*200 -> 0 | D12: 0 | E12: 0 | F12: =D12*1000/B12*12 -> #DIV/0! | G12: =D12*1000000/C12 -> #DIV/0! | H12: =+SUM($D$6:D13)*1000000/SUM($C$6:C13) -> 0 | I12: =+H12/1000 -> 0 | J12: =+AVERAGE($D$6:D13) -> 0 | K12: =+IF(J12=0,"Sin eventos registrados",30/J12) -> Sin eventos registrados
A13: 46235 | C13: =B13*200 -> 0 | D13: 0 | E13: 0 | F13: =D13*1000/B13*12 -> #DIV/0! | G13: =D13*1000000/C13 -> #DIV/0! | H13: =+SUM($D$6:D14)*1000000/SUM($C$6:C14) -> 0 | I13: =+H13/1000 -> 0 | J13: =+AVERAGE($D$6:D14) -> 0 | K13: =+IF(J13=0,"Sin eventos registrados",30/J13) -> Sin eventos registrados
A14: 46266 | C14: =B14*200 -> 0 | D14: 0 | E14: 0 | F14: =D14*1000/B14*12 -> #DIV/0! | G14: =D14*1000000/C14 -> #DIV/0! | H14: =+SUM($D$6:D15)*1000000/SUM($C$6:C15) -> 0 | I14: =+H14/1000 -> 0 | J14: =+AVERAGE($D$6:D15) -> 0 | K14: =+IF(J14=0,"Sin eventos registrados",30/J14) -> Sin eventos registrados
A15: 46296 | C15: =B15*200 -> 0 | D15: 0 | E15: 0 | F15: =D15*1000/B15*12 -> #DIV/0! | G15: =D15*1000000/C15 -> #DIV/0! | H15: =+SUM($D$6:D16)*1000000/SUM($C$6:C16) -> 0 | I15: =+H15/1000 -> 0 | J15: =+AVERAGE($D$6:D16) -> 0 | K15: =+IF(J15=0,"Sin eventos registrados",30/J15) -> Sin eventos registrados
A16: 46327 | C16: =B16*8*22 -> 0 | D16: 0 | E16: 0 | F16: =D16*1000/B16*12 -> #DIV/0! | G16: =D16*1000000/C16 -> #DIV/0! | H16: =+SUM($D$6:D17)*1000000/SUM($C$6:C17) -> 0 | I16: =+H16/1000 -> 0 | J16: =+AVERAGE($D$6:D17) -> 0 | K16: =+IF(J16=0,"Sin eventos registrados",30/J16) -> Sin eventos registrados
A17: 46357 | C17: =B17*8*22 -> 0 | D17: 0 | E17: 0 | F17: =D17*1000/B17*12 -> #DIV/0! | G17: =D17*1000000/C17 -> #DIV/0! | H17: =+SUM($D$6:D18)*1000000/SUM($C$6:C18) -> 0 | I17: =+H17/1000 -> 0 | J17: =+AVERAGE($D$6:D18) -> 0 | K17: =+IF(J17=0,"Sin eventos registrados",30/J17) -> Sin eventos registrados
B18: 0
A19: Total/Prom | B19: =SUM(B6:B17)/12 -> 0.75 | C19: =SUM(C6:C17) -> 1800 | D19: =SUM(D6:D17) -> 0 | E19: =SUM(E6:E17) -> 0 | F19: =D19*1000/B19 -> 0
A22: Indice de Incidencia = | C22: Trab Siniest x 1.000 | D22: = | E22: =D19*1000/B19 -> 0 | F22: Trabajadores siniestrados por cada 1.000 trabajadores.
C23: Trabajadores exp
A25: Indice de Frecuencia = | C25: Trab Siniest x 1.000.000 | D25: = | E25: =D19*1000000/C19 -> 0 | F25: Trabajadores siniestrados por cada 1.000.000 de hs. trabajadas.
C26: Horas Trabajadas
A28: Indice de Gravedad = | C28: Días Caídos | D28: = | E28: =E19/B19 -> 0 | F28: Cantidad de días no trabajados por acc., por cada trabajador.
A29: (pérdida) | C29: Trabajadores exp
A31: El cálculo del Indice de Incidencia contempla la modificación impuesta por la Res 475/11 Superintendencia de Riesgos de Trabajo:
E58: Lic. Vidal Fernando

Sheet Rincon de Aranda 2026
C1: INFORME DE SINIESTRALIDAD | F1: 2026 | Q1: Accidentes CAUSAS 75% | R1: 39083
A2: Rincon de Aranda
C3: Estadísticas de Accidentes | H3: Incorporar a tablero de indicadores | K3: Incorporar a tablero de indicadores
A4: Mes y Año | B4: Personal | C4: Hht | D4: Accidentes | E4: Días Caídos | F4: Indice de I | G4: indice de f | H4: Tasa de frecuencia Acumulado año eventos cada millon de horas (YTD) | I4: Tasa de frecuencia Acumulado año eventos cada mil de horas (YTD) | J4: Promedio Mensual de eventos | K4: Cada cuantos dias se espera un evento
A6: 46023 | B6: 35 | C6: =B6*200 -> 7000 | D6: 0 | E6: 0 | F6: =D6*1000/B6*12 -> 0 | G6: =D6*1000000/C6 -> 0 | H6: =+SUM($D$6:D7)*1000000/SUM($C$6:C7) -> 0 | I6: =+H6/1000 -> 0 | J6: =+AVERAGE($D$6:D7) -> 0 | K6: =+IF(J6=0,"Sin eventos registrados",30/J6) -> Sin eventos registrados
A7: 46054 | C7: =B7*200 -> 0 | D7: 0 | E7: 0 | F7: =D7*1000/B7*12 -> #DIV/0! | G7: =D7*1000000/C7 -> #DIV/0! | H7: =+SUM($D$6:D8)*1000000/SUM($C$6:C8) -> 0 | I7: =+H7/1000 -> 0 | J7: =+AVERAGE($D$6:D8) -> 0 | K7: =+IF(J7=0,"Sin eventos registrados",30/J7) -> Sin eventos registrados
A8: 46082 | C8: =B8*200 -> 0 | D8: 0 | E8: 0 | F8: =D8*1000/B8*12 -> #DIV/0! | G8: =D8*1000000/C8 -> #DIV/0! | H8: =+SUM($D$6:D9)*1000000/SUM($C$6:C9) -> 0 | I8: =+H8/1000 -> 0 | J8: =+AVERAGE($D$6:D9) -> 0 | K8: =+IF(J8=0,"Sin eventos registrados",30/J8) -> Sin eventos registrados
A9: 46113 | C9: =B9*200 -> 0 | D9: 0 | E9: 0 | F9: =D9*1000/B9*12 -> #DIV/0! | G9: =D9*1000000/C9 -> #DIV/0! | H9: =+SUM($D$6:D10)*1000000/SUM($C$6:C10) -> 0 | I9: =+H9/1000 -> 0 | J9: =+AVERAGE($D$6:D10) -> 0 | K9: =+IF(J9=0,"Sin eventos registrados",30/J9) -> Sin eventos registrados
A10: 46143 | C10: =B10*200 -> 0 | D10: 0 | E10: 0 | F10: =D10*1000/B10*12 -> #DIV/0! | G10: =D10*1000000/C10 -> #DIV/0! | H10: =+SUM($D$6:D11)*1000000/SUM($C$6:C11) -> 0 | I10: =+H10/1000 -> 0 | J10: =+AVERAGE($D$6:D11) -> 0 | K10: =+IF(J10=0,"Sin eventos registrados",30/J10) -> Sin eventos registrados
A11: 46174 | C11: =B11*200 -> 0 | D11: 0 | E11: 0 | F11: =D11*1000/B11 -> #DIV/0! | G11: =D11*1000000/C11 -> #DIV/0! | H11: =+SUM($D$6:D12)*1000000/SUM($C$6:C12) -> 0 | I11: =+H11/1000 -> 0 | J11: =+AVERAGE($D$6:D12) -> 0 | K11: =+IF(J11=0,"Sin eventos registrados",30/J11) -> Sin eventos registrados
A12: 46204 | C12: =B12*200 -> 0 | D12: 0 | E12: 0 | F12: =D12*1000/B12*12 -> #DIV/0! | G12: =D12*1000000/C12 -> #DIV/0! | H12: =+SUM($D$6:D13)*1000000/SUM($C$6:C13) -> 0 | I12: =+H12/1000 -> 0 | J12: =+AVERAGE($D$6:D13) -> 0 | K12: =+IF(J12=0,"Sin eventos registrados",30/J12) -> Sin eventos registrados
A13: 46235 | C13: =B13*200 -> 0 | D13: 0 | E13: 0 | F13: =D13*1000/B13*12 -> #DIV/0! | G13: =D13*1000000/C13 -> #DIV/0! | H13: =+SUM($D$6:D14)*1000000/SUM($C$6:C14) -> 0 | I13: =+H13/1000 -> 0 | J13: =+AVERAGE($D$6:D14) -> 0 | K13: =+IF(J13=0,"Sin eventos registrados",30/J13) -> Sin eventos registrados
A14: 46266 | C14: =B14*200 -> 0 | D14: 0 | E14: 0 | F14: =D14*1000/B14*12 -> #DIV/0! | G14: =D14*1000000/C14 -> #DIV/0! | H14: =+SUM($D$6:D15)*1000000/SUM($C$6:C15) -> 0 | I14: =+H14/1000 -> 0 | J14: =+AVERAGE($D$6:D15) -> 0 | K14: =+IF(J14=0,"Sin eventos registrados",30/J14) -> Sin eventos registrados
A15: 46296 | C15: =B15*200 -> 0 | D15: 0 | E15: 0 | F15: =D15*1000/B15*12 -> #DIV/0! | G15: =D15*1000000/C15 -> #DIV/0! | H15: =+SUM($D$6:D16)*1000000/SUM($C$6:C16) -> 0 | I15: =+H15/1000 -> 0 | J15: =+AVERAGE($D$6:D16) -> 0 | K15: =+IF(J15=0,"Sin eventos registrados",30/J15) -> Sin eventos registrados
A16: 46327 | C16: =B16*200 -> 0 | D16: 0 | E16: 0 | F16: =D16*1000/B16*12 -> #DIV/0! | G16: =D16*1000000/C16 -> #DIV/0! | H16: =+SUM($D$6:D17)*1000000/SUM($C$6:C17) -> 0 | I16: =+H16/1000 -> 0 | J16: =+AVERAGE($D$6:D17) -> 0 | K16: =+IF(J16=0,"Sin eventos registrados",30/J16) -> Sin eventos registrados
A17: 46357 | C17: =B17*200 -> 0 | D17: 0 | E17: 0 | F17: =D17*1000/B17*12 -> #DIV/0! | G17: =D17*1000000/C17 -> #DIV/0! | H17: =+SUM($D$6:D18)*1000000/SUM($C$6:C18) -> 0 | I17: =+H17/1000 -> 0 | J17: =+AVERAGE($D$6:D18) -> 0 | K17: =+IF(J17=0,"Sin eventos registrados",30/J17) -> Sin eventos registrados
A19: Total/Prom | B19: =SUM(B6:B17)/12 -> 2.9166667 | C19: =SUM(C6:C17) -> 7000 | D19: =SUM(D6:D17) -> 0 | E19: =SUM(E6:E17) -> 0 | F19: =D19*1000/B19 -> 0
A22: Indice de Incidencia = | C22: Trab Siniest x 1.000 | D22: = | E22: =D19*1000/B19 -> 0 | F22: Trabajadores siniestrados por cada 1.000 trabajadores.
C23: Trabajadores exp
A25: Indice de Frecuencia = | C25: Trab Siniest x 1.000.000 | D25: = | E25: =D19*1000000/C19 -> 0 | F25: Trabajadores siniestrados por cada 1.000.000 de hs. trabajadas.
C26: Horas Trabajadas
A28: Indice de Gravedad = | C28: Días Caídos | D28: = | E28: =E19/B19 -> 0 | F28: Cantidad de días no trabajados por acc., por cada trabajador.
A29: (pérdida) | C29: Trabajadores exp
A31: El cálculo del Indice de Incidencia contempla la modificación impuesta por la Res 475/11 Superintendencia de Riesgos de Trabajo:
E58: lic. Vidal Fernando

Sheet Ricon de los Sauces 26
C1: INFORME DE SINIESTRALIDAD | F1: 2026
A2: Rincon
C3: Estadísticas de Accidentes | H3: Incorporar a tablero de indicadores | K3: Incorporar a tablero de indicadores
A4: Mes y Año | B4: Personal | C4: Hht | D4: Accidentes | E4: Días Caídos | F4: Indice de I | G4: indice de f | H4: Tasa de frecuencia Acumulado año eventos cada millon de horas (YTD) | I4: Tasa de frecuencia Acumulado año eventos cada mil de horas (YTD) | J4: Promedio Mensual de eventos | K4: Cada cuantos dias se espera un evento
A6: 46023 | B6: 22 | C6: =B6*200 -> 4400 | D6: 0 | E6: 0 | F6: =D6*1000/B6*12 -> 0 | G6: =D6*1000000/C6 -> 0 | H6: =+D7*1000000/C7 -> #DIV/0! | I6: =+H6/1000 -> #DIV/0! | J6: =+AVERAGE($D$6:D7) -> 0 | K6: =+IF(J6=0,"Sin eventos registrados",30/J6) -> Sin eventos registrados
A7: 46054 | C7: =B7*200 -> 0 | D7: 0 | E7: 0 | F7: =D7*1000/B7*12 -> #DIV/0! | G7: =D7*1000000/C7 -> #DIV/0! | H7: =+SUM($D$6:D8)*1000000/SUM($C$6:C8) -> 0 | I7: =+H7/1000 -> 0 | J7: =+AVERAGE($D$6:D8) -> 0 | K7: =+IF(J7=0,"Sin eventos registrados",30/J7) -> Sin eventos registrados
A8: 46082 | C8: =B8*200 -> 0 | D8: 0 | E8: 0 | F8: =D8*1000/B8*12 -> #DIV/0! | G8: =D8*1000000/C8 -> #DIV/0! | H8: =+SUM($D$6:D9)*1000000/SUM($C$6:C9) -> 0 | I8: =+H8/1000 -> 0 | J8: =+AVERAGE($D$6:D9) -> 0 | K8: =+IF(J8=0,"Sin eventos registrados",30/J8) -> Sin eventos registrados
A9: 46113 | C9: =B9*200 -> 0 | D9: 0 | E9: 0 | F9: =D9*1000/B9*12 -> #DIV/0! | G9: =D9*1000000/C9 -> #DIV/0! | H9: =+SUM($D$6:D10)*1000000/SUM($C$6:C10) -> 0 | I9: =+H9/1000 -> 0 | J9: =+AVERAGE($D$6:D10) -> 0 | K9: =+IF(J9=0,"Sin eventos registrados",30/J9) -> Sin eventos registrados
A10: 46143 | C10: =B10*200 -> 0 | D10: 0 | E10: 0 | F10: =D10*1000/B10*12 -> #DIV/0! | G10: =D10*1000000/C10 -> #DIV/0! | H10: =+SUM($D$6:D11)*1000000/SUM($C$6:C11) -> 0 | I10: =+H10/1000 -> 0 | J10: =+AVERAGE($D$6:D11) -> 0 | K10: =+IF(J10=0,"Sin eventos registrados",30/J10) -> Sin eventos registrados
A11: 46174 | C11: =B11*200 -> 0 | D11: 0 | E11: 0 | F11: =D11*1000/B11*12 -> #DIV/0! | G11: =D11*1000000/C11 -> #DIV/0! | H11: =+SUM($D$6:D12)*1000000/SUM($C$6:C12) -> 0 | I11: =+H11/1000 -> 0 | J11: =+AVERAGE($D$6:D12) -> 0 | K11: =+IF(J11=0,"Sin eventos registrados",30/J11) -> Sin eventos registrados
A12: 46204 | C12: =B12*200 -> 0 | D12: 0 | E12: 0 | F12: =D12*1000/B12 -> #DIV/0! | G12: =D12*1000000/C12 -> #DIV/0! | H12: =+SUM($D$6:D13)*1000000/SUM($C$6:C13) -> 0 | I12: =+H12/1000 -> 0 | J12: =+AVERAGE($D$6:D13) -> 0 | K12: =+IF(J12=0,"Sin eventos registrados",30/J12) -> Sin eventos registrados
A13: 46235 | C13: =B13*8*22 -> 0 | D13: 0 | E13: 0 | F13: =D13*1000/B13*12 -> #DIV/0! | G13: =D13*1000000/C13 -> #DIV/0! | H13: =+SUM($D$6:D14)*1000000/SUM($C$6:C14) -> 0 | I13: =+H13/1000 -> 0 | J13: =+AVERAGE($D$6:D14) -> 0 | K13: =+IF(J13=0,"Sin eventos registrados",30/J13) -> Sin eventos registrados
A14: 46266 | C14: =B14*8*25 -> 0 | D14: 0 | E14: 0 | F14: =D14*1000/B14*12 -> #DIV/0! | G14: =D14*1000000/C14 -> #DIV/0! | H14: =+SUM($D$6:D15)*1000000/SUM($C$6:C15) -> 0 | I14: =+H14/1000 -> 0 | J14: =+AVERAGE($D$6:D15) -> 0 | K14: =+IF(J14=0,"Sin eventos registrados",30/J14) -> Sin eventos registrados
A15: 46296 | C15: =B15*8*25 -> 0 | D15: 0 | E15: 0 | F15: =D15*1000/B15*12 -> #DIV/0! | G15: =D15*1000000/C15 -> #DIV/0! | H15: =+SUM($D$6:D16)*1000000/SUM($C$6:C16) -> 0 | I15: =+H15/1000 -> 0 | J15: =+AVERAGE($D$6:D16) -> 0 | K15: =+IF(J15=0,"Sin eventos registrados",30/J15) -> Sin eventos registrados
A16: 46327 | C16: =B16*8*25 -> 0 | D16: 0 | E16: 0 | F16: =D16*1000/B16*12 -> #DIV/0! | G16: =D16*1000000/C16 -> #DIV/0! | H16: =+SUM($D$6:D17)*1000000/SUM($C$6:C17) -> 0 | I16: =+H16/1000 -> 0 | J16: =+AVERAGE($D$6:D17) -> 0 | K16: =+IF(J16=0,"Sin eventos registrados",30/J16) -> Sin eventos registrados
A17: 46357 | C17: =B17*8*25 -> 0 | D17: 0 | E17: 0 | F17: =D17*1000/B17*12 -> #DIV/0! | G17: =D17*1000000/C17 -> #DIV/0! | H17: =+SUM($D$6:D18)*1000000/SUM($C$6:C18) -> 0 | I17: =+H17/1000 -> 0 | J17: =+AVERAGE($D$6:D18) -> 0 | K17: =+IF(J17=0,"Sin eventos registrados",30/J17) -> Sin eventos registrados
A19: Total/Prom | B19: =SUM(B6:B17)/7 -> 3.1428571 | C19: =SUM(C6:C17) -> 4400 | D19: =SUM(D6:D17) -> 0 | E19: =SUM(E6:E17) -> 0 | F19: =D19*1000/B19 -> 0
A22: Indice de Incidencia = | C22: Trab Siniest x 1.000 | D22: = | E22: =D19*1000/B19 -> 0 | F22: Trabajadores siniestrados por cada 1.000 trabajadores.
C23: Trabajadores exp
A25: Indice de Frecuencia = | C25: Trab Siniest x 1.000.000 | D25: = | E25: =D19*1000000/C19 -> 0 | F25: Trabajadores siniestrados por cada 1.000.000 de hs. trabajadas.
C26: Horas Trabajadas
A28: Indice de Gravedad = | C28: Días Caídos | D28: = | E28: =E19/B19 -> 0 | F28: Cantidad de días no trabajados por acc., por cada trabajador.
A29: (pérdida) | C29: Trabajadores exp
A31: El cálculo del Indice de Incidencia contempla la modificación impuesta por la Res 475/11 Superintendencia de Riesgos de Trabajo:
F58: Lic. Vidal Fernando

Sheet Comirsa 26
C1: INFORME DE SINIESTRALIDAD | F1: 2026 | Q1: Accidentes CAUSAS 75% | R1: 39083
A2: Comirsa
C3: Estadísticas de Accidentes | H3: Incorporar a tablero de indicadores | K3: Incorporar a tablero de indicadores
A4: Mes y Año | B4: Personal | C4: Hht | D4: Accidentes | E4: Días Caídos | F4: Indice de I | G4: indice de f | H4: Tasa de frecuencia Acumulado año eventos cada millon de horas (YTD) | I4: Tasa de frecuencia Acumulado año eventos cada mil de horas (YTD) | J4: Promedio Mensual de eventos | K4: Cada cuantos dias se espera un evento
A6: 46023 | B6: 8 | C6: 2520 | D6: 0 | E6: 0 | F6: =D6*1000/B6*12 -> 0 | G6: =D6*1000000/C6 -> 0 | H6: =+SUM($D$6:D7)*1000000/SUM($C$6:C7) -> 0 | I6: =+H6/1000 -> 0 | J6: =+AVERAGE($D$6:D7) -> 0 | K6: =+IF(J6=0,"Sin eventos registrados",30/J6) -> Sin eventos registrados
A7: 46054 | C7: =B7*200 -> 0 | D7: 0 | E7: 0 | F7: =D7*1000/B7*12 -> #DIV/0! | G7: =D7*1000000/C7 -> #DIV/0! | H7: =+SUM($D$6:D8)*1000000/SUM($C$6:C8) -> 0 | I7: =+H7/1000 -> 0 | J7: =+AVERAGE($D$6:D8) -> 0 | K7: =+IF(J7=0,"Sin eventos registrados",30/J7) -> Sin eventos registrados
A8: 46082 | C8: =B8*200 -> 0 | D8: 0 | E8: 0 | F8: =D8*1000/B8*12 -> #DIV/0! | G8: =D8*1000000/C8 -> #DIV/0! | H8: =+SUM($D$6:D9)*1000000/SUM($C$6:C9) -> 0 | I8: =+H8/1000 -> 0 | J8: =+AVERAGE($D$6:D9) -> 0 | K8: =+IF(J8=0,"Sin eventos registrados",30/J8) -> Sin eventos registrados
A9: 46113 | C9: =B9*200 -> 0 | D9: 0 | E9: 0 | F9: =D9*1000/B9*12 -> #DIV/0! | G9: =D9*1000000/C9 -> #DIV/0! | H9: =+SUM($D$6:D10)*1000000/SUM($C$6:C10) -> 0 | I9: =+H9/1000 -> 0 | J9: =+AVERAGE($D$6:D10) -> 0 | K9: =+IF(J9=0,"Sin eventos registrados",30/J9) -> Sin eventos registrados
A10: 46143 | C10: =B10*200 -> 0 | D10: 0 | E10: 0 | F10: =D10*1000/B10*12 -> #DIV/0! | G10: =D10*1000000/C10 -> #DIV/0! | H10: =+SUM($D$6:D11)*1000000/SUM($C$6:C11) -> 0 | I10: =+H10/1000 -> 0 | J10: =+AVERAGE($D$6:D11) -> 0 | K10: =+IF(J10=0,"Sin eventos registrados",30/J10) -> Sin eventos registrados
A11: 46174 | C11: =B11*200 -> 0 | D11: 0 | E11: 0 | F11: =D11*1000/B11 -> #DIV/0! | G11: =D11*1000000/C11 -> #DIV/0! | H11: =+SUM($D$6:D12)*1000000/SUM($C$6:C12) -> 0 | I11: =+H11/1000 -> 0 | J11: =+AVERAGE($D$6:D12) -> 0 | K11: =+IF(J11=0,"Sin eventos registrados",30/J11) -> Sin eventos registrados
A12: 46204 | C12: =B12*200 -> 0 | D12: 0 | E12: 0 | F12: =D12*1000/B12*12 -> #DIV/0! | G12: =D12*1000000/C12 -> #DIV/0! | H12: =+SUM($D$6:D13)*1000000/SUM($C$6:C13) -> 0 | I12: =+H12/1000 -> 0 | J12: =+AVERAGE($D$6:D13) -> 0 | K12: =+IF(J12=0,"Sin eventos registrados",30/J12) -> Sin eventos registrados
A13: 46235 | C13: =B13*200 -> 0 | D13: 0 | E13: 0 | F13: =D13*1000/B13*12 -> #DIV/0! | G13: =D13*1000000/C13 -> #DIV/0! | H13: =+SUM($D$6:D14)*1000000/SUM($C$6:C14) -> 0 | I13: =+H13/1000 -> 0 | J13: =+AVERAGE($D$6:D14) -> 0 | K13: =+IF(J13=0,"Sin eventos registrados",30/J13) -> Sin eventos registrados
A14: 46266 | C14: =B14*200 -> 0 | D14: 0 | E14: 0 | F14: =D14*1000/B14*12 -> #DIV/0! | G14: =D14*1000000/C14 -> #DIV/0! | H14: =+SUM($D$6:D15)*1000000/SUM($C$6:C15) -> 0 | I14: =+H14/1000 -> 0 | J14: =+AVERAGE($D$6:D15) -> 0 | K14: =+IF(J14=0,"Sin eventos registrados",30/J14) -> Sin eventos registrados
A15: 46296 | C15: =B15*200 -> 0 | D15: 0 | E15: 0 | F15: =D15*1000/B15*12 -> #DIV/0! | G15: =D15*1000000/C15 -> #DIV/0! | H15: =+SUM($D$6:D16)*1000000/SUM($C$6:C16) -> 0 | I15: =+H15/1000 -> 0 | J15: =+AVERAGE($D$6:D16) -> 0 | K15: =+IF(J15=0,"Sin eventos registrados",30/J15) -> Sin eventos registrados
A16: 46327 | C16: =B16*200 -> 0 | D16: 0 | E16: 0 | F16: =D16*1000/B16*12 -> #DIV/0! | G16: =D16*1000000/C16 -> #DIV/0! | H16: =+SUM($D$6:D17)*1000000/SUM($C$6:C17) -> 0 | I16: =+H16/1000 -> 0 | J16: =+AVERAGE($D$6:D17) -> 0 | K16: =+IF(J16=0,"Sin eventos registrados",30/J16) -> Sin eventos registrados
A17: 46357 | C17: =B17*200 -> 0 | D17: 0 | E17: 0 | F17: =D17*1000/B17*12 -> #DIV/0! | G17: =D17*1000000/C17 -> #DIV/0! | H17: =+SUM($D$6:D18)*1000000/SUM($C$6:C18) -> 0 | I17: =+H17/1000 -> 0 | J17: =+AVERAGE($D$6:D18) -> 0 | K17: =+IF(J17=0,"Sin eventos registrados",30/J17) -> Sin eventos registrados
A19: Total/Prom | B19: =SUM(B6:B17)/12 -> 0.66666667 | C19: =SUM(C6:C17) -> 2520 | D19: =SUM(D6:D17) -> 0 | E19: =SUM(E6:E17) -> 0 | F19: =D19*1000/B19 -> 0
A22: Indice de Incidencia = | C22: Trab Siniest x 1.000 | D22: = | E22: =D19*1000/B19 -> 0 | F22: Trabajadores siniestrados por cada 1.000 trabajadores.
C23: Trabajadores exp
A25: Indice de Frecuencia = | C25: Trab Siniest x 1.000.000 | D25: = | E25: =D19*1000000/C19 -> 0 | F25: Trabajadores siniestrados por cada 1.000.000 de hs. trabajadas.
C26: Horas Trabajadas
A28: Indice de Gravedad = | C28: Días Caídos | D28: = | E28: =E19/B19 -> 0 | F28: Cantidad de días no trabajados por acc., por cada trabajador.
A29: (pérdida) | C29: Trabajadores exp
A31: El cálculo del Indice de Incidencia contempla la modificación impuesta por la Res 475/11 Superintendencia de Riesgos de Trabajo:
E58: lic. Vidal Fernando

Sheet Blanca Luna 2026
C1: INFORME DE SINIESTRALIDAD | F1: 2026
A2: Blanca Luna
C3: Estadísticas de Accidentes | H3: Incorporar a tablero de indicadores | K3: Incorporar a tablero de indicadores
A4: Mes y Año | B4: Personal | C4: Hht | D4: Accidentes | E4: Días Caídos | F4: Indice de I | G4: indice de f | H4: Tasa de frecuencia Acumulado año eventos cada millon de horas (YTD) | I4: Tasa de frecuencia Acumulado año eventos cada mil de horas (YTD) | J4: Promedio Mensual de eventos | K4: Cada cuantos dias se espera un evento
A6: 46023 | B6: 2 | C6: =B6*200 -> 400 | D6: 0 | E6: 0 | F6: =D6*1000/B6*12 -> 0 | G6: =D6*1000000/C6 -> 0 | H6: =+SUM($D$6:D7)*1000000/SUM($C$6:C7) -> 0 | I6: =+H6/1000 -> 0 | J6: =+AVERAGE($D$6:D7) -> 0 | K6: =+IF(J6=0,"Sin eventos registrados",30/J6) -> Sin eventos registrados
A7: 46054 | C7: =B7*200 -> 0 | D7: 0 | E7: 0 | F7: =D7*1000/B7*12 -> #DIV/0! | G7: =D7*1000000/C7 -> #DIV/0! | H7: =+SUM($D$6:D8)*1000000/SUM($C$6:C8) -> 0 | I7: =+H7/1000 -> 0 | J7: =+AVERAGE($D$6:D8) -> 0 | K7: =+IF(J7=0,"Sin eventos registrados",30/J7) -> Sin eventos registrados
A8: 46082 | C8: =B8*200 -> 0 | D8: 0 | E8: 0 | F8: =D8*1000/B8*12 -> #DIV/0! | G8: =D8*1000000/C8 -> #DIV/0! | H8: =+SUM($D$6:D9)*1000000/SUM($C$6:C9) -> 0 | I8: =+H8/1000 -> 0 | J8: =+AVERAGE($D$6:D9) -> 0 | K8: =+IF(J8=0,"Sin eventos registrados",30/J8) -> Sin eventos registrados
A9: 46113 | C9: =B9*200 -> 0 | D9: 0 | E9: 0 | F9: =D9*1000/B9*12 -> #DIV/0! | G9: =D9*1000000/C9 -> #DIV/0! | H9: =+SUM($D$6:D10)*1000000/SUM($C$6:C10) -> 0 | I9: =+H9/1000 -> 0 | J9: =+AVERAGE($D$6:D10) -> 0 | K9: =+IF(J9=0,"Sin eventos registrados",30/J9) -> Sin eventos registrados
A10: 46143 | C10: =B10*200 -> 0 | D10: 0 | E10: 0 | F10: =D10*1000/B10*12 -> #DIV/0! | G10: =D10*1000000/C10 -> #DIV/0! | H10: =+SUM($D$6:D11)*1000000/SUM($C$6:C11) -> 0 | I10: =+H10/1000 -> 0 | J10: =+AVERAGE($D$6:D11) -> 0 | K10: =+IF(J10=0,"Sin eventos registrados",30/J10) -> Sin eventos registrados
A11: 46174 | C11: =B11*200 -> 0 | D11: 0 | E11: 0 | F11: =D11*1000/B11*12 -> #DIV/0! | G11: =D11*1000000/C11 -> #DIV/0! | H11: =+SUM($D$6:D12)*1000000/SUM($C$6:C12) -> 0 | I11: =+H11/1000 -> 0 | J11: =+AVERAGE($D$6:D12) -> 0 | K11: =+IF(J11=0,"Sin eventos registrados",30/J11) -> Sin eventos registrados
A12: 46204 | C12: =B12*200 -> 0 | D12: 0 | E12: 0 | F12: =D12*1000/B12 -> #DIV/0! | G12: =D12*1000000/C12 -> #DIV/0! | H12: =+SUM($D$6:D13)*1000000/SUM($C$6:C13) -> 0 | I12: =+H12/1000 -> 0 | J12: =+AVERAGE($D$6:D13) -> 0 | K12: =+IF(J12=0,"Sin eventos registrados",30/J12) -> Sin eventos registrados
A13: 46235 | C13: =B13*200 -> 0 | D13: 0 | E13: 0 | F13: =D13*1000/B13*12 -> #DIV/0! | G13: =D13*1000000/C13 -> #DIV/0! | H13: =+SUM($D$6:D14)*1000000/SUM($C$6:C14) -> 0 | I13: =+H13/1000 -> 0 | J13: =+AVERAGE($D$6:D14) -> 0 | K13: =+IF(J13=0,"Sin eventos registrados",30/J13) -> Sin eventos registrados
A14: 46266 | C14: =B14*200 -> 0 | D14: 0 | E14: 0 | F14: =D14*1000/B14*12 -> #DIV/0! | G14: =D14*1000000/C14 -> #DIV/0! | H14: =+SUM($D$6:D15)*1000000/SUM($C$6:C15) -> 0 | I14: =+H14/1000 -> 0 | J14: =+AVERAGE($D$6:D15) -> 0 | K14: =+IF(J14=0,"Sin eventos registrados",30/J14) -> Sin eventos registrados
A15: 46296 | C15: =B15*200 -> 0 | D15: 0 | E15: 0 | F15: =D15*1000/B15*12 -> #DIV/0! | G15: =D15*1000000/C15 -> #DIV/0! | H15: =+SUM($D$6:D16)*1000000/SUM($C$6:C16) -> 0 | I15: =+H15/1000 -> 0 | J15: =+AVERAGE($D$6:D16) -> 0 | K15: =+IF(J15=0,"Sin eventos registrados",30/J15) -> Sin eventos registrados
A16: 46327 | C16: =B16*200 -> 0 | D16: 0 | E16: 0 | F16: =D16*1000/B16*12 -> #DIV/0! | G16: =D16*1000000/C16 -> #DIV/0! | H16: =+SUM($D$6:D17)*1000000/SUM($C$6:C17) -> 0 | I16: =+H16/1000 -> 0 | J16: =+AVERAGE($D$6:D17) -> 0 | K16: =+IF(J16=0,"Sin eventos registrados",30/J16) -> Sin eventos registrados
A17: 46357 | C17: =B17*200 -> 0 | D17: 0 | E17: 0 | F17: =D17*1000/B17*12 -> #DIV/0! | G17: =D17*1000000/C17 -> #DIV/0! | H17: =+SUM($D$6:D18)*1000000/SUM($C$6:C18) -> 0 | I17: =+H17/1000 -> 0 | J17: =+AVERAGE($D$6:D18) -> 0 | K17: =+IF(J17=0,"Sin eventos registrados",30/J17) -> Sin eventos registrados
A19: Total/Prom | B19: =SUM(B6:B17)/12 -> 0.16666667 | C19: =SUM(C6:C17) -> 400 | D19: =SUM(D6:D17) -> 0 | E19: =SUM(E6:E17) -> 0 | F19: =D19*1000/B19 -> 0
A22: Indice de Incidencia = | C22: Trab Siniest x 1.000 | D22: = | E22: =D19*1000/B19 -> 0 | F22: Trabajadores siniestrados por cada 1.000 trabajadores.
C23: Trabajadores exp
A25: Indice de Frecuencia = | C25: Trab Siniest x 1.000.000 | D25: = | E25: =D19*1000000/C19 -> 0 | F25: Trabajadores siniestrados por cada 1.000.000 de hs. trabajadas.
C26: Horas Trabajadas
A28: Indice de Gravedad = | C28: Días Caídos | D28: = | E28: =E19/B19 -> 0 | F28: Cantidad de días no trabajados por acc., por cada trabajador.
A29: (pérdida) | C29: Trabajadores exp
A31: El cálculo del Indice de Incidencia contempla la modificación impuesta por la Res 475/11 Superintendencia de Riesgos de Trabajo:
F58: Lic. Vidal Fernando

Sheet PK327 2026
C1: INFORME DE SINIESTRALIDAD | F1: 2026
A2: PK 327
C3: Estadísticas de Accidentes | H3: Incorporar a tablero de indicadores | K3: Incorporar a tablero de indicadores
A4: Mes y Año | B4: Personal | C4: Hht | D4: Accidentes | E4: Días Caídos | F4: Indice de I | G4: indice de f | H4: Tasa de frecuencia Acumulado año eventos cada millon de horas (YTD) | I4: Tasa de frecuencia Acumulado año eventos cada mil de horas (YTD) | J4: Promedio Mensual de eventos | K4: Cada cuantos dias se espera un evento
A6: 46023 | B6: 57 | C6: =B6*200 -> 11400 | D6: 0 | E6: 0 | F6: =D6*1000/B6*12 -> 0 | G6: =D6*1000000/C6 -> 0 | H6: =+SUM($D$6:D7)*1000000/SUM($C$6:C7) -> 0 | I6: =+H6/1000 -> 0 | J6: =+AVERAGE($D$6:D7) -> 0 | K6: =+IF(J6=0,"Sin eventos registrados",30/J6) -> Sin eventos registrados
A7: 46054 | B7: 0 | C7: =B7*200 -> 0 | D7: 0 | E7: 0 | F7: =D7*1000/B7*12 -> #DIV/0! | G7: =D7*1000000/C7 -> #DIV/0! | H7: =+SUM($D$6:D8)*1000000/SUM($C$6:C8) -> 0 | I7: =+H7/1000 -> 0 | J7: =+AVERAGE($D$6:D8) -> 0 | K7: =+IF(J7=0,"Sin eventos registrados",30/J7) -> Sin eventos registrados
A8: 46082 | B8: 0 | C8: =B8*2000 -> 0 | D8: 0 | E8: 0 | F8: =D8*1000/B8*12 -> #DIV/0! | G8: =D8*1000000/C8 -> #DIV/0! | H8: =+SUM($D$6:D9)*1000000/SUM($C$6:C9) -> 0 | I8: =+H8/1000 -> 0 | J8: =+AVERAGE($D$6:D9) -> 0 | K8: =+IF(J8=0,"Sin eventos registrados",30/J8) -> Sin eventos registrados
A9: 46113 | B9: 0 | C9: =B9*2000 -> 0 | D9: 0 | E9: 0 | F9: =D9*1000/B9*12 -> #DIV/0! | G9: =D9*1000000/C9 -> #DIV/0! | H9: =+SUM($D$6:D10)*1000000/SUM($C$6:C10) -> 0 | I9: =+H9/1000 -> 0 | J9: =+AVERAGE($D$6:D10) -> 0 | K9: =+IF(J9=0,"Sin eventos registrados",30/J9) -> Sin eventos registrados
A10: 46143 | B10: 0 | C10: =B10*8*22 -> 0 | D10: 0 | E10: 0 | F10: =D10*1000/B10*12 -> #DIV/0! | G10: =D10*1000000/C10 -> #DIV/0! | H10: =+SUM($D$6:D11)*1000000/SUM($C$6:C11) -> 0 | I10: =+H10/1000 -> 0 | J10: =+AVERAGE($D$6:D11) -> 0 | K10: =+IF(J10=0,"Sin eventos registrados",30/J10) -> Sin eventos registrados
A11: 46174 | B11: 0 | C11: =B11*8*22 -> 0 | D11: 0 | E11: 0 | F11: =D11*1000/B11 -> #DIV/0! | G11: =D11*1000000/C11 -> #DIV/0! | H11: =+SUM($D$6:D12)*1000000/SUM($C$6:C12) -> 0 | I11: =+H11/1000 -> 0 | J11: =+AVERAGE($D$6:D12) -> 0 | K11: =+IF(J11=0,"Sin eventos registrados",30/J11) -> Sin eventos registrados
A12: 46204 | B12: 0 | C12: =B12*8*22 -> 0 | D12: 0 | E12: 0 | F12: =D12*1000/B12*12 -> #DIV/0! | G12: =D12*1000000/C12 -> #DIV/0! | H12: =+SUM($D$6:D13)*1000000/SUM($C$6:C13) -> 0 | I12: =+H12/1000 -> 0 | J12: =+AVERAGE($D$6:D13) -> 0 | K12: =+IF(J12=0,"Sin eventos registrados",30/J12) -> Sin eventos registrados
A13: 46235 | B13: 0 | C13: =B13*200 -> 0 | D13: 0 | E13: 0 | F13: =D13*1000/B13*12 -> #DIV/0! | G13: =D13*1000000/C13 -> #DIV/0! | H13: =+SUM($D$6:D14)*1000000/SUM($C$6:C14) -> 0 | I13: =+H13/1000 -> 0 | J13: =+AVERAGE($D$6:D14) -> 0 | K13: =+IF(J13=0,"Sin eventos registrados",30/J13) -> Sin eventos registrados
A14: 46266 | B14: 0 | C14: =B14*200 -> 0 | D14: 0 | E14: 0 | F14: =D14*1000/B14*12 -> #DIV/0! | G14: =D14*1000000/C14 -> #DIV/0! | H14: =+SUM($D$6:D15)*1000000/SUM($C$6:C15) -> 0 | I14: =+H14/1000 -> 0 | J14: =+AVERAGE($D$6:D15) -> 0 | K14: =+IF(J14=0,"Sin eventos registrados",30/J14) -> Sin eventos registrados
A15: 46296 | B15: 0 | C15: =B15*200 -> 0 | D15: 0 | E15: 0 | F15: =D15*1000/B15*12 -> #DIV/0! | G15: =D15*1000000/C15 -> #DIV/0! | H15: =+SUM($D$6:D16)*1000000/SUM($C$6:C16) -> 0 | I15: =+H15/1000 -> 0 | J15: =+AVERAGE($D$6:D16) -> 0 | K15: =+IF(J15=0,"Sin eventos registrados",30/J15) -> Sin eventos registrados
A16: 46327 | B16: 0 | C16: =B16*8*22 -> 0 | D16: 0 | E16: 0 | F16: =D16*1000/B16*12 -> #DIV/0! | G16: =D16*1000000/C16 -> #DIV/0! | H16: =+SUM($D$6:D17)*1000000/SUM($C$6:C17) -> 0 | I16: =+H16/1000 -> 0 | J16: =+AVERAGE($D$6:D17) -> 0 | K16: =+IF(J16=0,"Sin eventos registrados",30/J16) -> Sin eventos registrados
A17: 46357 | B17: 0 | C17: =B17*8*22 -> 0 | D17: 0 | E17: 0 | F17: =D17*1000/B17*12 -> #DIV/0! | G17: =D17*1000000/C17 -> #DIV/0! | H17: =+SUM($D$6:D18)*1000000/SUM($C$6:C18) -> 0 | I17: =+H17/1000 -> 0 | J17: =+AVERAGE($D$6:D18) -> 0 | K17: =+IF(J17=0,"Sin eventos registrados",30/J17) -> Sin eventos registrados
A19: Total/Prom | B19: =SUM(B6:B17)/12 -> 4.75 | C19: =SUM(C6:C17) -> 11400 | D19: =SUM(D6:D17) -> 0 | E19: =SUM(E6:E17) -> 0 | F19: =D19*1000/B19 -> 0
A22: Indice de Incidencia = | C22: Trab Siniest x 1.000 | D22: = | E22: =D19*1000/B19 -> 0 | F22: Trabajadores siniestrados por cada 1.000 trabajadores.
C23: Trabajadores exp
A25: Indice de Frecuencia = | C25: Trab Siniest x 1.000.000 | D25: = | E25: =D19*1000000/C19 -> 0 | F25: Trabajadores siniestrados por cada 1.000.000 de hs. trabajadas.
C26: Horas Trabajadas
A28: Indice de Gravedad = | C28: Días Caídos | D28: = | E28: =E19/B19 -> 0 | F28: Cantidad de días no trabajados por acc., por cada trabajador.
A29: (pérdida) | C29: Trabajadores exp
A31: El cálculo del Indice de Incidencia contempla la modificación impuesta por la Res 475/11 Superintendencia de Riesgos de Trabajo:
E58: Lic. Vidal Fernando

Sheet Los Toldos 2026
C1: INFORME DE SINIESTRALIDAD | F1: 2026
A2: LOS TOLDOS
C3: Estadísticas de Accidentes | H3: Incorporar a tablero de indicadores | K3: Incorporar a tablero de indicadores
A4: Mes y Año | B4: Personal | C4: Hht | D4: Accidentes | E4: Días Caídos | F4: Indice de I | G4: indice de f | H4: Tasa de frecuencia Acumulado año eventos cada millon de horas (YTD) | I4: Tasa de frecuencia Acumulado año eventos cada mil de horas (YTD) | J4: Promedio Mensual de eventos | K4: Cada cuantos dias se espera un evento
A6: 46023 | B6: 79 | C6: =B6*200 -> 15800 | D6: 0 | E6: 0 | F6: =D6*1000/B6*12 -> 0 | G6: =D6*1000000/C6 -> 0 | H6: =+SUM($D$6:D7)*1000000/SUM($C$6:C7) -> 0 | I6: =+H6/1000 -> 0 | J6: =+AVERAGE($D$6:D7) -> 0 | K6: =+IF(J6=0,"Sin eventos registrados",30/J6) -> Sin eventos registrados
A7: 46054 | B7: 0 | C7: =B7*200 -> 0 | D7: 0 | E7: 0 | F7: =D7*1000/B7*12 -> #DIV/0! | G7: =D7*1000000/C7 -> #DIV/0! | H7: =+SUM($D$6:D8)*1000000/SUM($C$6:C8) -> 0 | I7: =+H7/1000 -> 0 | J7: =+AVERAGE($D$6:D8) -> 0 | K7: =+IF(J7=0,"Sin eventos registrados",30/J7) -> Sin eventos registrados
A8: 46082 | B8: 0 | C8: =B8*2000 -> 0 | D8: 0 | E8: 0 | F8: =D8*1000/B8*12 -> #DIV/0! | G8: =D8*1000000/C8 -> #DIV/0! | H8: =+SUM($D$6:D9)*1000000/SUM($C$6:C9) -> 0 | I8: =+H8/1000 -> 0 | J8: =+AVERAGE($D$6:D9) -> 0 | K8: =+IF(J8=0,"Sin eventos registrados",30/J8) -> Sin eventos registrados
A9: 46113 | B9: 0 | C9: =B9*2000 -> 0 | D9: 0 | E9: 0 | F9: =D9*1000/B9*12 -> #DIV/0! | G9: =D9*1000000/C9 -> #DIV/0! | H9: =+SUM($D$6:D10)*1000000/SUM($C$6:C10) -> 0 | I9: =+H9/1000 -> 0 | J9: =+AVERAGE($D$6:D10) -> 0 | K9: =+IF(J9=0,"Sin eventos registrados",30/J9) -> Sin eventos registrados
A10: 46143 | B10: 0 | C10: =B10*8*22 -> 0 | D10: 0 | E10: 0 | F10: =D10*1000/B10*12 -> #DIV/0! | G10: =D10*1000000/C10 -> #DIV/0! | H10: =+SUM($D$6:D11)*1000000/SUM($C$6:C11) -> 0 | I10: =+H10/1000 -> 0 | J10: =+AVERAGE($D$6:D11) -> 0 | K10: =+IF(J10=0,"Sin eventos registrados",30/J10) -> Sin eventos registrados
A11: 46174 | B11: 0 | C11: =B11*8*22 -> 0 | D11: 0 | E11: 0 | F11: =D11*1000/B11 -> #DIV/0! | G11: =D11*1000000/C11 -> #DIV/0! | H11: =+SUM($D$6:D12)*1000000/SUM($C$6:C12) -> 0 | I11: =+H11/1000 -> 0 | J11: =+AVERAGE($D$6:D12) -> 0 | K11: =+IF(J11=0,"Sin eventos registrados",30/J11) -> Sin eventos registrados
A12: 46204 | B12: 0 | C12: =B12*8*22 -> 0 | D12: 0 | E12: 0 | F12: =D12*1000/B12*12 -> #DIV/0! | G12: =D12*1000000/C12 -> #DIV/0! | H12: =+SUM($D$6:D13)*1000000/SUM($C$6:C13) -> 0 | I12: =+H12/1000 -> 0 | J12: =+AVERAGE($D$6:D13) -> 0 | K12: =+IF(J12=0,"Sin eventos registrados",30/J12) -> Sin eventos registrados
A13: 46235 | B13: 0 | C13: =B13*200 -> 0 | D13: 0 | E13: 0 | F13: =D13*1000/B13*12 -> #DIV/0! | G13: =D13*1000000/C13 -> #DIV/0! | H13: =+SUM($D$6:D14)*1000000/SUM($C$6:C14) -> 0 | I13: =+H13/1000 -> 0 | J13: =+AVERAGE($D$6:D14) -> 0 | K13: =+IF(J13=0,"Sin eventos registrados",30/J13) -> Sin eventos registrados
A14: 46266 | B14: 0 | C14: =B14*200 -> 0 | D14: 0 | E14: 0 | F14: =D14*1000/B14*12 -> #DIV/0! | G14: =D14*1000000/C14 -> #DIV/0! | H14: =+SUM($D$6:D15)*1000000/SUM($C$6:C15) -> 0 | I14: =+H14/1000 -> 0 | J14: =+AVERAGE($D$6:D15) -> 0 | K14: =+IF(J14=0,"Sin eventos registrados",30/J14) -> Sin eventos registrados
A15: 46296 | B15: 0 | C15: =B15*200 -> 0 | D15: 0 | E15: 0 | F15: =D15*1000/B15*12 -> #DIV/0! | G15: =D15*1000000/C15 -> #DIV/0! | H15: =+SUM($D$6:D16)*1000000/SUM($C$6:C16) -> 0 | I15: =+H15/1000 -> 0 | J15: =+AVERAGE($D$6:D16) -> 0 | K15: =+IF(J15=0,"Sin eventos registrados",30/J15) -> Sin eventos registrados
A16: 46327 | B16: 0 | C16: =B16*8*22 -> 0 | D16: 0 | E16: 9 | F16: =D16*1000/B16*12 -> #DIV/0! | G16: =D16*1000000/C16 -> #DIV/0! | H16: =+SUM($D$6:D17)*1000000/SUM($C$6:C17) -> 0 | I16: =+H16/1000 -> 0 | J16: =+AVERAGE($D$6:D17) -> 0 | K16: =+IF(J16=0,"Sin eventos registrados",30/J16) -> Sin eventos registrados
A17: 46357 | B17: 0 | C17: =B17*8*22 -> 0 | D17: 0 | E17: 0 | F17: =D17*1000/B17*12 -> #DIV/0! | G17: =D17*1000000/C17 -> #DIV/0! | H17: =+SUM($D$6:D18)*1000000/SUM($C$6:C18) -> 0 | I17: =+H17/1000 -> 0 | J17: =+AVERAGE($D$6:D18) -> 0 | K17: =+IF(J17=0,"Sin eventos registrados",30/J17) -> Sin eventos registrados
A19: Total/Prom | B19: =SUM(B6:B17)/12 -> 6.5833333 | C19: =SUM(C6:C17) -> 15800 | D19: =SUM(D6:D17) -> 0 | E19: =SUM(E6:E17) -> 9 | F19: =D19*1000/B19 -> 0
A22: Indice de Incidencia = | C22: Trab Siniest x 1.000 | D22: = | E22: =D19*1000/B19 -> 0 | F22: Trabajadores siniestrados por cada 1.000 trabajadores.
C23: Trabajadores exp
A25: Indice de Frecuencia = | C25: Trab Siniest x 1.000.000 | D25: = | E25: =D19*1000000/C19 -> 0 | F25: Trabajadores siniestrados por cada 1.000.000 de hs. trabajadas.
C26: Horas Trabajadas
A28: Indice de Gravedad = | C28: Días Caídos | D28: = | E28: =E19/B19 -> 1.3670886 | F28: Cantidad de días no trabajados por acc., por cada trabajador.
A29: (pérdida) | C29: Trabajadores exp
A31: El cálculo del Indice de Incidencia contempla la modificación impuesta por la Res 475/11 Superintendencia de Riesgos de Trabajo:
E58: Lic. Vidal Fernando

Sheet Añelo
C1: INFORME DE SINIESTRALIDAD | F1: 2025
A2: Añuelo
C3: Estadísticas de Accidentes | H3: Incorporar a tablero de indicadores | K3: Incorporar a tablero de indicadores
A4: Mes y Año | B4: Personal | C4: Hht | D4: Accidentes | E4: Días Caídos | F4: Indice de I | G4: indice de f | H4: Tasa de frecuencia Acumulado año eventos cada millon de horas (YTD) | I4: Tasa de frecuencia Acumulado año eventos cada mil de horas (YTD) | J4: Promedio Mensual de eventos | K4: Cada cuantos dias se espera un evento
A6: 45658 | B6: 12 | C6: 2280 | D6: 0 | E6: 0 | F6: =D6*1000/B6*12 -> 0 | G6: =D6*1000000/C6 -> 0 | H6: =+SUM($D$6:D7)*1000000/SUM($C$6:C7) -> 0 | I6: =+H6/1000 -> 0 | J6: =+AVERAGE($D$6:D7) -> 0 | K6: =+IF(J6=0,"Sin eventos registrados",30/J6) -> Sin eventos registrados
A7: 45689 | B7: 12 | C7: 1576 | D7: 0 | E7: 0 | F7: =D7*1000/B7*12 -> 0 | G7: =D7*1000000/C7 -> 0 | H7: =+SUM($D$6:D8)*1000000/SUM($C$6:C8) -> 0 | I7: =+H7/1000 -> 0 | J7: =+AVERAGE($D$6:D8) -> 0 | K7: =+IF(J7=0,"Sin eventos registrados",30/J7) -> Sin eventos registrados
A8: 45717 | B8: 9 | C8: =B8*200 -> 1800 | D8: 0 | E8: 0 | F8: =D8*1000/B8*12 -> 0 | G8: =D8*1000000/C8 -> 0 | H8: =+SUM($D$6:D9)*1000000/SUM($C$6:C9) -> 0 | I8: =+H8/1000 -> 0 | J8: =+AVERAGE($D$6:D9) -> 0 | K8: =+IF(J8=0,"Sin eventos registrados",30/J8) -> Sin eventos registrados
A9: 45748 | B9: 9 | C9: =B9*200 -> 1800 | D9: 0 | E9: 0 | F9: =D9*1000/B9*12 -> 0 | G9: =D9*1000000/C9 -> 0 | H9: =+SUM($D$6:D10)*1000000/SUM($C$6:C10) -> 0 | I9: =+H9/1000 -> 0 | J9: =+AVERAGE($D$6:D10) -> 0 | K9: =+IF(J9=0,"Sin eventos registrados",30/J9) -> Sin eventos registrados
A10: 45778 | B10: 15 | C10: =B10*200 -> 3000 | D10: 0 | E10: 0 | F10: =D10*1000/B10*12 -> 0 | G10: =D10*1000000/C10 -> 0 | H10: =+SUM($D$6:D11)*1000000/SUM($C$6:C11) -> 0 | I10: =+H10/1000 -> 0 | J10: =+AVERAGE($D$6:D11) -> 0 | K10: =+IF(J10=0,"Sin eventos registrados",30/J10) -> Sin eventos registrados
A11: 45809 | B11: 10 | C11: =B11*200 -> 2000 | D11: 0 | E11: 0 | F11: =D11*1000/B11*12 -> 0 | G11: =D11*1000000/C11 -> 0 | H11: =+SUM($D$6:D12)*1000000/SUM($C$6:C12) -> 0 | I11: =+H11/1000 -> 0 | J11: =+AVERAGE($D$6:D12) -> 0 | K11: =+IF(J11=0,"Sin eventos registrados",30/J11) -> Sin eventos registrados
A12: 45839 | B12: 10 | C12: =B12*200 -> 2000 | D12: 0 | E12: 0 | F12: =D12*1000/B12 -> 0 | G12: =D12*1000000/C12 -> 0 | H12: =+SUM($D$6:D13)*1000000/SUM($C$6:C13) -> 0 | I12: =+H12/1000 -> 0 | J12: =+AVERAGE($D$6:D13) -> 0 | K12: =+IF(J12=0,"Sin eventos registrados",30/J12) -> Sin eventos registrados
A13: 45870 | B13: 11 | C13: =B13*200 -> 2200 | D13: 0 | E13: 0 | F13: =D13*1000/B13*12 -> 0 | G13: =D13*1000000/C13 -> 0 | H13: =+SUM($D$6:D14)*1000000/SUM($C$6:C14) -> 0 | I13: =+H13/1000 -> 0 | J13: =+AVERAGE($D$6:D14) -> 0 | K13: =+IF(J13=0,"Sin eventos registrados",30/J13) -> Sin eventos registrados
A14: 45901 | B14: 11 | C14: =B14*200 -> 2200 | D14: 0 | E14: 0 | F14: =D14*1000/B14*12 -> 0 | G14: =D14*1000000/C14 -> 0 | H14: =+SUM($D$6:D15)*1000000/SUM($C$6:C15) -> 0 | I14: =+H14/1000 -> 0 | J14: =+AVERAGE($D$6:D15) -> 0 | K14: =+IF(J14=0,"Sin eventos registrados",30/J14) -> Sin eventos registrados
A15: 45931 | B15: 11 | C15: =B15*200 -> 2200 | D15: 0 | E15: 0 | F15: =D15*1000/B15*12 -> 0 | G15: =D15*1000000/C15 -> 0 | H15: =+SUM($D$6:D16)*1000000/SUM($C$6:C16) -> 0 | I15: =+H15/1000 -> 0 | J15: =+AVERAGE($D$6:D16) -> 0 | K15: =+IF(J15=0,"Sin eventos registrados",30/J15) -> Sin eventos registrados
A16: 45962 | B16: 11 | C16: =B16*200 -> 2200 | D16: 0 | E16: 0 | F16: =D16*1000/B16*12 -> 0 | G16: =D16*1000000/C16 -> 0 | H16: =+SUM($D$6:D17)*1000000/SUM($C$6:C17) -> 0 | I16: =+H16/1000 -> 0 | J16: =+AVERAGE($D$6:D17) -> 0 | K16: =+IF(J16=0,"Sin eventos registrados",30/J16) -> Sin eventos registrados
A17: 45992 | B17: 12 | C17: =B17*200 -> 2400 | D17: 0 | E17: 0 | F17: =D17*1000/B17*12 -> 0 | G17: =D17*1000000/C17 -> 0 | H17: =+SUM($D$6:D18)*1000000/SUM($C$6:C18) -> 0 | I17: =+H17/1000 -> 0 | J17: =+AVERAGE($D$6:D18) -> 0 | K17: =+IF(J17=0,"Sin eventos registrados",30/J17) -> Sin eventos registrados
A19: Total/Prom | B19: =SUM(B6:B17)/12 -> 11.083333 | C19: =SUM(C6:C17) -> 25656 | D19: =SUM(D6:D17) -> 0 | E19: =SUM(E6:E17) -> 0 | F19: =D19*1000/B19 -> 0
A22: Indice de Incidencia = | C22: Trab Siniest x 1.000 | D22: = | E22: =D19*1000/B19 -> 0 | F22: Trabajadores siniestrados por cada 1.000 trabajadores.
C23: Trabajadores exp
A25: Indice de Frecuencia = | C25: Trab Siniest x 1.000.000 | D25: = | E25: =D19*1000000/C19 -> 0 | F25: Trabajadores siniestrados por cada 1.000.000 de hs. trabajadas.
C26: Horas Trabajadas
A28: Indice de Gravedad = | C28: Días Caídos | D28: = | E28: =E19/B19 -> 0 | F28: Cantidad de días no trabajados por acc., por cada trabajador.
A29: (pérdida) | C29: Trabajadores exp
A31: El cálculo del Indice de Incidencia contempla la modificación impuesta por la Res 475/11 Superintendencia de Riesgos de Trabajo:
F58: Lic. Vidal Fernando

Sheet Bahia Blanca
C1: INFORME DE SINIESTRALIDAD | F1: 2025
A2: Bahia Blanca
C3: Estadísticas de Accidentes | H3: Incorporar a tablero de indicadores | K3: Incorporar a tablero de indicadores
A4: Mes y Año | B4: Personal | C4: Hht | D4: Accidentes | E4: Días Caídos | F4: Indice de I | G4: indice de f | H4: Tasa de frecuencia Acumulado año eventos cada millon de horas (YTD) | I4: Tasa de frecuencia Acumulado año eventos cada mil de horas (YTD) | J4: Promedio Mensual de eventos | K4: Cada cuantos dias se espera un evento
A6: 45658 | B6: 15 | C6: 2672 | D6: 0 | E6: 0 | F6: =D6*1000/B6*12 -> 0 | G6: =D6*1000000/C6 -> 0 | H6: =+SUM($D$6:D7)*1000000/SUM($C$6:C7) -> 0 | I6: =+H6/1000 -> 0 | J6: =+AVERAGE($D$6:D7) -> 0 | K6: =+IF(J6=0,"Sin eventos registrados",30/J6) -> Sin eventos registrados
A7: 45689 | B7: 15 | C7: =B7*200 -> 3000 | D7: 0 | E7: 0 | F7: =D7*1000/B7*12 -> 0 | G7: =D7*1000000/C7 -> 0 | H7: =+SUM($D$6:D8)*1000000/SUM($C$6:C8) -> 0 | I7: =+H7/1000 -> 0 | J7: =+AVERAGE($D$6:D8) -> 0 | K7: =+IF(J7=0,"Sin eventos registrados",30/J7) -> Sin eventos registrados
A8: 45717 | B8: 15 | C8: =B8*8*22 -> 2640 | D8: 0 | E8: 0 | F8: =D8*1000/B8*12 -> 0 | G8: =D8*1000000/C8 -> 0 | H8: =+SUM($D$6:D9)*1000000/SUM($C$6:C9) -> 0 | I8: =+H8/1000 -> 0 | J8: =+AVERAGE($D$6:D9) -> 0 | K8: =+IF(J8=0,"Sin eventos registrados",30/J8) -> Sin eventos registrados
A9: 45748 | B9: 15 | C9: =B9*8*22 -> 2640 | D9: 0 | E9: 0 | F9: =D9*1000/B9*12 -> 0 | G9: =D9*1000000/C9 -> 0 | H9: =+SUM($D$6:D10)*1000000/SUM($C$6:C10) -> 0 | I9: =+H9/1000 -> 0 | J9: =+AVERAGE($D$6:D10) -> 0 | K9: =+IF(J9=0,"Sin eventos registrados",30/J9) -> Sin eventos registrados
A10: 45778 | B10: 14 | C10: =B10*200 -> 2800 | D10: 0 | E10: 0 | F10: =D10*1000/B10*12 -> 0 | G10: =D10*1000000/C10 -> 0 | H10: =+SUM($D$6:D11)*1000000/SUM($C$6:C11) -> 0 | I10: =+H10/1000 -> 0 | J10: =+AVERAGE($D$6:D11) -> 0 | K10: =+IF(J10=0,"Sin eventos registrados",30/J10) -> Sin eventos registrados
A11: 45809 | B11: 13 | C11: =B11*200 -> 2600 | D11: 0 | E11: 0 | F11: =D11*1000/B11*12 -> 0 | G11: =D11*1000000/C11 -> 0 | H11: =+SUM($D$6:D12)*1000000/SUM($C$6:C12) -> 0 | I11: =+H11/1000 -> 0 | J11: =+AVERAGE($D$6:D12) -> 0 | K11: =+IF(J11=0,"Sin eventos registrados",30/J11) -> Sin eventos registrados
A12: 45839 | B12: 13 | C12: =B12*200 -> 2600 | D12: 0 | E12: 0 | F12: =D12*1000/B12 -> 0 | G12: =D12*1000000/C12 -> 0 | H12: =+SUM($D$6:D13)*1000000/SUM($C$6:C13) -> 0 | I12: =+H12/1000 -> 0 | J12: =+AVERAGE($D$6:D13) -> 0 | K12: =+IF(J12=0,"Sin eventos registrados",30/J12) -> Sin eventos registrados
A13: 45870 | B13: 12 | C13: =B13*8*22 -> 2112 | D13: 0 | E13: 0 | F13: =D13*1000/B13*12 -> 0 | G13: =D13*1000000/C13 -> 0 | H13: =+SUM($D$6:D14)*1000000/SUM($C$6:C14) -> 0 | I13: =+H13/1000 -> 0 | J13: =+AVERAGE($D$6:D14) -> 0 | K13: =+IF(J13=0,"Sin eventos registrados",30/J13) -> Sin eventos registrados
A14: 45901 | B14: 7 | C14: =B14*8*22 -> 1232 | D14: 0 | E14: 0 | F14: =D14*1000/B14*12 -> 0 | G14: =D14*1000000/C14 -> 0 | H14: =+SUM($D$6:D15)*1000000/SUM($C$6:C15) -> 0 | I14: =+H14/1000 -> 0 | J14: =+AVERAGE($D$6:D15) -> 0 | K14: =+IF(J14=0,"Sin eventos registrados",30/J14) -> Sin eventos registrados
A15: 45931 | B15: 6 | C15: =B15*8*22 -> 1056 | D15: 0 | E15: 0 | F15: =D15*1000/B15*12 -> 0 | G15: =D15*1000000/C15 -> 0 | H15: =+SUM($D$6:D16)*1000000/SUM($C$6:C16) -> 0 | I15: =+H15/1000 -> 0 | J15: =+AVERAGE($D$6:D16) -> 0 | K15: =+IF(J15=0,"Sin eventos registrados",30/J15) -> Sin eventos registrados
A16: 45962 | B16: 6 | C16: =B16*8*22 -> 1056 | D16: 0 | E16: 0 | F16: =D16*1000/B16*12 -> 0 | G16: =D16*1000000/C16 -> 0 | H16: =+SUM($D$6:D17)*1000000/SUM($C$6:C17) -> 0 | I16: =+H16/1000 -> 0 | J16: =+AVERAGE($D$6:D17) -> 0 | K16: =+IF(J16=0,"Sin eventos registrados",30/J16) -> Sin eventos registrados
A17: 45992 | B17: 6 | C17: =B17*8*22 -> 1056 | D17: 0 | E17: 0 | F17: =D17*1000/B17*12 -> 0 | G17: =D17*1000000/C17 -> 0 | H17: =+SUM($D$6:D18)*1000000/SUM($C$6:C18) -> 0 | I17: =+H17/1000 -> 0 | J17: =+AVERAGE($D$6:D18) -> 0 | K17: =+IF(J17=0,"Sin eventos registrados",30/J17) -> Sin eventos registrados
A19: Total/Prom | B19: =SUM(B6:B17)/12 -> 11.416667 | C19: =SUM(C6:C17) -> 25464 | D19: =SUM(D6:D17) -> 0 | E19: =SUM(E6:E17) -> 0 | F19: =D19*1000/B19 -> 0
A22: Indice de Incidencia = | C22: Trab Siniest x 1.000 | D22: = | E22: =D19*1000/B19 -> 0 | F22: Trabajadores siniestrados por cada 1.000 trabajadores.
C23: Trabajadores exp
A25: Indice de Frecuencia = | C25: Trab Siniest x 1.000.000 | D25: = | E25: =D19*1000000/C19 -> 0 | F25: Trabajadores siniestrados por cada 1.000.000 de hs. trabajadas.
C26: Horas Trabajadas
A28: Indice de Gravedad = | C28: Días Caídos | D28: = | E28: =E19/B19 -> 0 | F28: Cantidad de días no trabajados por acc., por cada trabajador.
A29: (pérdida) | C29: Trabajadores exp
A31: El cálculo del Indice de Incidencia contempla la modificación impuesta por la Res 475/11 Superintendencia de Riesgos de Trabajo:
F58: Lic. Vidal Fernando

Sheet Casa Central
C1: INFORME DE SINIESTRALIDAD | F1: 2025
A2: Casa Central
C3: Estadísticas de Accidentes | H3: Incorporar a tablero de indicadores | K3: Incorporar a tablero de indicadores
A4: Mes y Año | B4: Personal | C4: Hht | D4: Accidentes | E4: Días Caídos | F4: Indice de I | G4: indice de f | H4: Tasa de frecuencia Acumulado año eventos cada millon de horas (YTD) | I4: Tasa de frecuencia Acumulado año eventos cada mil de horas (YTD) | J4: Promedio Mensual de eventos | K4: Cada cuantos dias se espera un evento
A6: 45658 | B6: 69 | C6: =B6*200 -> 13800 | D6: 0 | E6: 0 | F6: =D6*1000/B6*12 -> 0 | G6: =D6*1000000/C6 -> 0 | H6: =+D7*1000000/C7 -> 0 | I6: =+H6/1000 -> 0 | J6: =+AVERAGE($D$6:D7) -> 0 | K6: =+IF(J6=0,"Sin eventos registrados",30/J6) -> Sin eventos registrados
A7: 45689 | B7: 69 | C7: =B7*200 -> 13800 | D7: 0 | E7: 0 | F7: =D7*1000/B7*12 -> 0 | G7: =D7*1000000/C7 -> 0 | H7: =+SUM($D$6:D8)*1000000/SUM($C$6:C8) -> 0 | I7: =+H7/1000 -> 0 | J7: =+AVERAGE($D$6:D8) -> 0 | K7: =+IF(J7=0,"Sin eventos registrados",30/J7) -> Sin eventos registrados
A8: 45717 | B8: 69 | C8: =B8*200 -> 13800 | D8: 0 | E8: 0 | F8: =D8*1000/B8*12 -> 0 | G8: =D8*1000000/C8 -> 0 | H8: =+SUM($D$6:D9)*1000000/SUM($C$6:C9) -> 0 | I8: =+H8/1000 -> 0 | J8: =+AVERAGE($D$6:D9) -> 0 | K8: =+IF(J8=0,"Sin eventos registrados",30/J8) -> Sin eventos registrados
A9: 45748 | B9: 69 | C9: =B9*200 -> 13800 | D9: 0 | E9: 0 | F9: =D9*1000/B9*12 -> 0 | G9: =D9*1000000/C9 -> 0 | H9: =+SUM($D$6:D10)*1000000/SUM($C$6:C10) -> 0 | I9: =+H9/1000 -> 0 | J9: =+AVERAGE($D$6:D10) -> 0 | K9: =+IF(J9=0,"Sin eventos registrados",30/J9) -> Sin eventos registrados
A10: 45778 | B10: 69 | C10: =B10*200 -> 13800 | D10: 0 | E10: 0 | F10: =D10*1000/B10*12 -> 0 | G10: =D10*1000000/C10 -> 0 | H10: =+SUM($D$6:D11)*1000000/SUM($C$6:C11) -> 0 | I10: =+H10/1000 -> 0 | J10: =+AVERAGE($D$6:D11) -> 0 | K10: =+IF(J10=0,"Sin eventos registrados",30/J10) -> Sin eventos registrados
A11: 45809 | B11: 57 | C11: =B11*200 -> 11400 | D11: 0 | E11: 0 | F11: =D11*1000/B11*12 -> 0 | G11: =D11*1000000/C11 -> 0 | H11: =+SUM($D$6:D12)*1000000/SUM($C$6:C12) -> 10.869565 | I11: =+H11/1000 -> 0.010869565 | J11: =+AVERAGE($D$6:D12) -> 0.14285714 | K11: =+IF(J11=0,"Sin eventos registrados",30/J11) -> 210
A12: 45839 | B12: 58 | C12: =B12*200 -> 11600 | D12: 1 | E12: 2 | F12: =D12*1000/B12 -> 17.241379 | G12: =D12*1000000/C12 -> 86.206897 | H12: =+SUM($D$6:D13)*1000000/SUM($C$6:C13) -> 9.7087379 | I12: =+H12/1000 -> 0.0097087379 | J12: =+AVERAGE($D$6:D13) -> 0.125 | K12: =+IF(J12=0,"Sin eventos registrados",30/J12) -> 240
A13: 45870 | B13: 55 | C13: =B13*200 -> 11000 | D13: 0 | E13: 0 | F13: =D13*1000/B13*12 -> 0 | G13: =D13*1000000/C13 -> 0 | H13: =+SUM($D$6:D14)*1000000/SUM($C$6:C14) -> 8.7719298 | I13: =+H13/1000 -> 0.0087719298 | J13: =+AVERAGE($D$6:D14) -> 0.11111111 | K13: =+IF(J13=0,"Sin eventos registrados",30/J13) -> 270
A14: 45901 | B14: 55 | C14: =B14*200 -> 11000 | D14: 0 | E14: 0 | F14: =D14*1000/B14*12 -> 0 | G14: =D14*1000000/C14 -> 0 | H14: =+SUM($D$6:D15)*1000000/SUM($C$6:C15) -> 8.0624355 | I14: =+H14/1000 -> 0.0080624355 | J14: =+AVERAGE($D$6:D15) -> 0.1 | K14: =+IF(J14=0,"Sin eventos registrados",30/J14) -> 300
A15: 45931 | B15: 57 | C15: =B15*8*22 -> 10032 | D15: 0 | E15: 0 | F15: =D15*1000/B15*12 -> 0 | G15: =D15*1000000/C15 -> 0 | H15: =+SUM($D$6:D16)*1000000/SUM($C$6:C16) -> 7.3624691 | I15: =+H15/1000 -> 0.0073624691 | J15: =+AVERAGE($D$6:D16) -> 0.090909091 | K15: =+IF(J15=0,"Sin eventos registrados",30/J15) -> 330
A16: 45962 | B16: 67 | C16: =B16*8*22 -> 11792 | D16: 0 | E16: 0 | F16: =D16*1000/B16*12 -> 0 | G16: =D16*1000000/C16 -> 0 | H16: =+SUM($D$6:D17)*1000000/SUM($C$6:C17) -> 6.7743334 | I16: =+H16/1000 -> 0.0067743334 | J16: =+AVERAGE($D$6:D17) -> 0.083333333 | K16: =+IF(J16=0,"Sin eventos registrados",30/J16) -> 360
A17: 45992 | B17: 67 | C17: =B17*8*22 -> 11792 | D17: 0 | E17: 0 | F17: =D17*1000/B17*12 -> 0 | G17: =D17*1000000/C17 -> 0 | H17: =+SUM($D$6:D18)*1000000/SUM($C$6:C18) -> 6.7743334 | I17: =+H17/1000 -> 0.0067743334 | J17: =+AVERAGE($D$6:D18) -> 0.083333333 | K17: =+IF(J17=0,"Sin eventos registrados",30/J17) -> 360
A19: Total/Prom | B19: =SUM(B6:B17)/12 -> 63.416667 | C19: =SUM(C6:C17) -> 147616 | D19: =SUM(D6:D17) -> 1 | E19: =SUM(E6:E17) -> 2 | F19: =D19*1000/B19 -> 15.768725
A22: Indice de Incidencia = | C22: Trab Siniest x 1.000 | D22: = | E22: =D19*1000/B19 -> 15.768725 | F22: Trabajadores siniestrados por cada 1.000 trabajadores.
C23: Trabajadores exp
A25: Indice de Frecuencia = | C25: Trab Siniest x 1.000.000 | D25: = | E25: =D19*1000000/C19 -> 6.7743334 | F25: Trabajadores siniestrados por cada 1.000.000 de hs. trabajadas.
C26: Horas Trabajadas
A28: Indice de Gravedad = | C28: Días Caídos | D28: = | E28: =E19/B19 -> 0.031537451 | F28: Cantidad de días no trabajados por acc., por cada trabajador.
A29: (pérdida) | C29: Trabajadores exp
A31: El cálculo del Indice de Incidencia contempla la modificación impuesta por la Res 475/11 Superintendencia de Riesgos de Trabajo:
F58: Lic. Vidal Fernando

Sheet AESA (Punta Arena)
C1: INFORME DE SINIESTRALIDAD | F1: 2025
A2: Punta arena
C3: Estadísticas de Accidentes | H3: Incorporar a tablero de indicadores | K3: Incorporar a tablero de indicadores
A4: Mes y Año | B4: Personal | C4: Hht | D4: Accidentes | E4: Días Caídos | F4: Indice de I | G4: indice de f | H4: Tasa de frecuencia Acumulado año eventos cada millon de horas (YTD) | I4: Tasa de frecuencia Acumulado año eventos cada mil de horas (YTD) | J4: Promedio Mensual de eventos | K4: Cada cuantos dias se espera un evento
A6: 45658 | B6: 20 | C6: =B6*200 -> 4000 | D6: 0 | E6: 0 | F6: =D6*1000/B6*12 -> 0 | G6: =D6*1000000/C6 -> 0 | H6: =+D7*1000000/C7 -> 0 | I6: =+H6/1000 -> 0 | J6: =+AVERAGE($D$6:D7) -> 0 | K6: =+IF(J6=0,"Sin eventos registrados",30/J6) -> Sin eventos registrados
A7: 45689 | B7: 20 | C7: =B7*200 -> 4000 | D7: 0 | E7: 0 | F7: =D7*1000/B7*12 -> 0 | G7: =D7*1000000/C7 -> 0 | H7: =+SUM($D$6:D8)*1000000/SUM($C$6:C8) -> 0 | I7: =+H7/1000 -> 0 | J7: =+AVERAGE($D$6:D8) -> 0 | K7: =+IF(J7=0,"Sin eventos registrados",30/J7) -> Sin eventos registrados
A8: 45717 | B8: 20 | C8: =B8*200 -> 4000 | D8: 0 | E8: 0 | F8: =D8*1000/B8*12 -> 0 | G8: =D8*1000000/C8 -> 0 | H8: =+SUM($D$6:D9)*1000000/SUM($C$6:C9) -> 0 | I8: =+H8/1000 -> 0 | J8: =+AVERAGE($D$6:D9) -> 0 | K8: =+IF(J8=0,"Sin eventos registrados",30/J8) -> Sin eventos registrados
A9: 45748 | B9: 20 | C9: =B9*200 -> 4000 | D9: 0 | E9: 0 | F9: =D9*1000/B9*12 -> 0 | G9: =D9*1000000/C9 -> 0 | H9: =+SUM($D$6:D10)*1000000/SUM($C$6:C10) -> 0 | I9: =+H9/1000 -> 0 | J9: =+AVERAGE($D$6:D10) -> 0 | K9: =+IF(J9=0,"Sin eventos registrados",30/J9) -> Sin eventos registrados
A10: 45778 | B10: 20 | C10: =B10*200 -> 4000 | D10: 0 | E10: 0 | F10: =D10*1000/B10*12 -> 0 | G10: =D10*1000000/C10 -> 0 | H10: =+SUM($D$6:D11)*1000000/SUM($C$6:C11) -> 0 | I10: =+H10/1000 -> 0 | J10: =+AVERAGE($D$6:D11) -> 0 | K10: =+IF(J10=0,"Sin eventos registrados",30/J10) -> Sin eventos registrados
A11: 45809 | B11: 21 | C11: =B11*200 -> 4200 | D11: 0 | E11: 0 | F11: =D11*1000/B11 -> 0 | G11: =D11*1000000/C11 -> 0 | H11: =+SUM($D$6:D12)*1000000/SUM($C$6:C12) -> 0 | I11: =+H11/1000 -> 0 | J11: =+AVERAGE($D$6:D12) -> 0 | K11: =+IF(J11=0,"Sin eventos registrados",30/J11) -> Sin eventos registrados
A12: 45839 | B12: 21 | C12: =B12*200 -> 4200 | D12: 0 | E12: 0 | F12: =D12*1000/B12*12 -> 0 | G12: =D12*1000000/C12 -> 0 | H12: =+SUM($D$6:D13)*1000000/SUM($C$6:C13) -> 0 | I12: =+H12/1000 -> 0 | J12: =+AVERAGE($D$6:D13) -> 0 | K12: =+IF(J12=0,"Sin eventos registrados",30/J12) -> Sin eventos registrados
A13: 45870 | B13: 20 | C13: =B13*200 -> 4000 | D13: 0 | E13: 0 | F13: =D13*1000/B13*12 -> 0 | G13: =D13*1000000/C13 -> 0 | H13: =+SUM($D$6:D14)*1000000/SUM($C$6:C14) -> 0 | I13: =+H13/1000 -> 0 | J13: =+AVERAGE($D$6:D14) -> 0 | K13: =+IF(J13=0,"Sin eventos registrados",30/J13) -> Sin eventos registrados
A14: 45901 | B14: 19 | C14: =B14*8*22 -> 3344 | D14: 0 | E14: 0 | F14: =D14*1000/B14*12 -> 0 | G14: =D14*1000000/C14 -> 0 | H14: =+SUM($D$6:D15)*1000000/SUM($C$6:C15) -> 0 | I14: =+H14/1000 -> 0 | J14: =+AVERAGE($D$6:D15) -> 0 | K14: =+IF(J14=0,"Sin eventos registrados",30/J14) -> Sin eventos registrados
A15: 45931 | B15: 21 | C15: =B15*8*22 -> 3696 | D15: 0 | E15: 0 | F15: =D15*1000/B15*12 -> 0 | G15: =D15*1000000/C15 -> 0 | H15: =+SUM($D$6:D16)*1000000/SUM($C$6:C16) -> 0 | I15: =+H15/1000 -> 0 | J15: =+AVERAGE($D$6:D16) -> 0 | K15: =+IF(J15=0,"Sin eventos registrados",30/J15) -> Sin eventos registrados
A16: 45962 | B16: 21 | C16: =B16*8*22 -> 3696 | D16: 0 | E16: 0 | F16: =D16*1000/B16*12 -> 0 | G16: =D16*1000000/C16 -> 0 | H16: =+SUM($D$6:D17)*1000000/SUM($C$6:C17) -> 0 | I16: =+H16/1000 -> 0 | J16: =+AVERAGE($D$6:D17) -> 0 | K16: =+IF(J16=0,"Sin eventos registrados",30/J16) -> Sin eventos registrados
A17: 45992 | B17: 9 | C17: =B17*8*22 -> 1584 | D17: 0 | E17: 0 | F17: =D17*1000/B17*12 -> 0 | G17: =D17*1000000/C17 -> 0 | H17: =+SUM($D$6:D18)*1000000/SUM($C$6:C18) -> 0 | I17: =+H17/1000 -> 0 | J17: =+AVERAGE($D$6:D18) -> 0 | K17: =+IF(J17=0,"Sin eventos registrados",30/J17) -> Sin eventos registrados
B18: 0
A19: Total/Prom | B19: =SUM(B6:B17)/12 -> 19.333333 | C19: =SUM(C6:C17) -> 44720 | D19: =SUM(D6:D17) -> 0 | E19: =SUM(E6:E17) -> 0 | F19: =D19*1000/B19 -> 0
A22: Indice de Incidencia = | C22: Trab Siniest x 1.000 | D22: = | E22: =D19*1000/B19 -> 0 | F22: Trabajadores siniestrados por cada 1.000 trabajadores.
C23: Trabajadores exp
A25: Indice de Frecuencia = | C25: Trab Siniest x 1.000.000 | D25: = | E25: =D19*1000000/C19 -> 0 | F25: Trabajadores siniestrados por cada 1.000.000 de hs. trabajadas.
C26: Horas Trabajadas
A28: Indice de Gravedad = | C28: Días Caídos | D28: = | E28: =E19/B19 -> 0 | F28: Cantidad de días no trabajados por acc., por cada trabajador.
A29: (pérdida) | C29: Trabajadores exp
A31: El cálculo del Indice de Incidencia contempla la modificación impuesta por la Res 475/11 Superintendencia de Riesgos de Trabajo:
E58: Lic. Vidal Fernando

Sheet POBA -25
C1: INFORME DE SINIESTRALIDAD | F1: 2025
A2: Policlinico
C3: Estadísticas de Accidentes | H3: Incorporar a tablero de indicadores | K3: Incorporar a tablero de indicadores
A4: Mes y Año | B4: Personal | C4: Hht | D4: Accidentes | E4: Días Caídos | F4: Indice de I | G4: indice de f | H4: Tasa de frecuencia Acumulado año eventos cada millon de horas (YTD) | I4: Tasa de frecuencia Acumulado año eventos cada mil de horas (YTD) | J4: Promedio Mensual de eventos | K4: Cada cuantos dias se espera un evento
A6: 45658 | B6: 23 | C6: =B6*200 -> 4600 | D6: 0 | E6: 0 | F6: =D6*1000/B6*12 -> 0 | G6: =D6*1000000/C6 -> 0 | H6: =+D7*1000000/C7 -> 0 | I6: =+H6/1000 -> 0 | J6: =+AVERAGE($D$6:D7) -> 0 | K6: =+IF(J6=0,"Sin eventos registrados",30/J6) -> Sin eventos registrados
A7: 45689 | B7: 23 | C7: =B7*200 -> 4600 | D7: 0 | E7: 0 | F7: =D7*1000/B7*12 -> 0 | G7: =D7*1000000/C7 -> 0 | H7: =+SUM($D$6:D8)*1000000/SUM($C$6:C8) -> 0 | I7: =+H7/1000 -> 0 | J7: =+AVERAGE($D$6:D8) -> 0 | K7: =+IF(J7=0,"Sin eventos registrados",30/J7) -> Sin eventos registrados
A8: 45717 | B8: 27 | C8: =B8*200 -> 5400 | D8: 0 | E8: 0 | F8: =D8*1000/B8*12 -> 0 | G8: =D8*1000000/C8 -> 0 | H8: =+SUM($D$6:D9)*1000000/SUM($C$6:C9) -> 0 | I8: =+H8/1000 -> 0 | J8: =+AVERAGE($D$6:D9) -> 0 | K8: =+IF(J8=0,"Sin eventos registrados",30/J8) -> Sin eventos registrados
A9: 45748 | B9: 27 | C9: =B9*200 -> 5400 | D9: 0 | E9: 0 | F9: =D9*1000/B9*12 -> 0 | G9: =D9*1000000/C9 -> 0 | H9: =+SUM($D$6:D10)*1000000/SUM($C$6:C10) -> 0 | I9: =+H9/1000 -> 0 | J9: =+AVERAGE($D$6:D10) -> 0 | K9: =+IF(J9=0,"Sin eventos registrados",30/J9) -> Sin eventos registrados
A10: 45778 | B10: 27 | C10: =B10*200 -> 5400 | D10: 0 | E10: 0 | F10: =D10*1000/B10*12 -> 0 | G10: =D10*1000000/C10 -> 0 | H10: =+SUM($D$6:D11)*1000000/SUM($C$6:C11) -> 65.359477 | I10: =+H10/1000 -> 0.065359477 | J10: =+AVERAGE($D$6:D11) -> 0.33333333 | K10: =+IF(J10=0,"Sin eventos registrados",30/J10) -> 90
A11: 45809 | B11: 26 | C11: =B11*200 -> 5200 | D11: 2 | E11: 5 | F11: =D11*1000/B11 -> 76.923077 | G11: =D11*1000000/C11 -> 384.61538 | H11: =+SUM($D$6:D12)*1000000/SUM($C$6:C12) -> 56.818182 | I11: =+H11/1000 -> 0.056818182 | J11: =+AVERAGE($D$6:D12) -> 0.28571429 | K11: =+IF(J11=0,"Sin eventos registrados",30/J11) -> 105
A12: 45839 | B12: 23 | C12: =B12*200 -> 4600 | D12: 0 | E12: 0 | F12: =D12*1000/B12*12 -> 0 | G12: =D12*1000000/C12 -> 0 | H12: =+SUM($D$6:D13)*1000000/SUM($C$6:C13) -> 49.751244 | I12: =+H12/1000 -> 0.049751244 | J12: =+AVERAGE($D$6:D13) -> 0.25 | K12: =+IF(J12=0,"Sin eventos registrados",30/J12) -> 120
A13: 45870 | B13: 25 | C13: =B13*200 -> 5000 | D13: 0 | E13: 0 | F13: =D13*1000/B13*12 -> 0 | G13: =D13*1000000/C13 -> 0 | H13: =+SUM($D$6:D14)*1000000/SUM($C$6:C14) -> 44.052863 | I13: =+H13/1000 -> 0.044052863 | J13: =+AVERAGE($D$6:D14) -> 0.22222222 | K13: =+IF(J13=0,"Sin eventos registrados",30/J13) -> 135
A14: 45901 | B14: 26 | C14: =B14*200 -> 5200 | D14: 0 | E14: 0 | F14: =D14*1000/B14*12 -> 0 | G14: =D14*1000000/C14 -> 0 | H14: =+SUM($D$6:D15)*1000000/SUM($C$6:C15) -> 39.370079 | I14: =+H14/1000 -> 0.039370079 | J14: =+AVERAGE($D$6:D15) -> 0.2 | K14: =+IF(J14=0,"Sin eventos registrados",30/J14) -> 150
A15: 45931 | B15: 27 | C15: =B15*200 -> 5400 | D15: 0 | E15: 0 | F15: =D15*1000/B15*12 -> 0 | G15: =D15*1000000/C15 -> 0 | H15: =+SUM($D$6:D16)*1000000/SUM($C$6:C16) -> 36.002304 | I15: =+H15/1000 -> 0.036002304 | J15: =+AVERAGE($D$6:D16) -> 0.18181818 | K15: =+IF(J15=0,"Sin eventos registrados",30/J15) -> 165
A16: 45962 | B16: 27 | C16: =B16*8*22 -> 4752 | D16: 0 | E16: 0 | F16: =D16*1000/B16*12 -> 0 | G16: =D16*1000000/C16 -> 0 | H16: =+SUM($D$6:D17)*1000000/SUM($C$6:C17) -> 34.896706 | I16: =+H16/1000 -> 0.034896706 | J16: =+AVERAGE($D$6:D17) -> 0.16666667 | K16: =+IF(J16=0,"Sin eventos registrados",30/J16) -> 180
A17: 45992 | B17: 10 | C17: =B17*8*22 -> 1760 | D17: 0 | E17: 0 | F17: =D17*1000/B17*12 -> 0 | G17: =D17*1000000/C17 -> 0 | H17: =+SUM($D$6:D18)*1000000/SUM($C$6:C18) -> 34.896706 | I17: =+H17/1000 -> 0.034896706 | J17: =+AVERAGE($D$6:D18) -> 0.16666667 | K17: =+IF(J17=0,"Sin eventos registrados",30/J17) -> 180
B18: 0
A19: Total/Prom | B19: =SUM(B6:B17)/12 -> 24.25 | C19: =SUM(C6:C17) -> 57312 | D19: =SUM(D6:D17) -> 2 | E19: =SUM(E6:E17) -> 5 | F19: =D19*1000/B19 -> 82.474227
A22: Indice de Incidencia = | C22: Trab Siniest x 1.000 | D22: = | E22: =D19*1000/B19 -> 82.474227 | F22: Trabajadores siniestrados por cada 1.000 trabajadores.
C23: Trabajadores exp
A25: Indice de Frecuencia = | C25: Trab Siniest x 1.000.000 | D25: = | E25: =D19*1000000/C19 -> 34.896706 | F25: Trabajadores siniestrados por cada 1.000.000 de hs. trabajadas.
C26: Horas Trabajadas
A28: Indice de Gravedad = | C28: Días Caídos | D28: = | E28: =E19/B19 -> 0.20618557 | F28: Cantidad de días no trabajados por acc., por cada trabajador.
A29: (pérdida) | C29: Trabajadores exp
A31: El cálculo del Indice de Incidencia contempla la modificación impuesta por la Res 475/11 Superintendencia de Riesgos de Trabajo:
E58: Lic. Vidal Fernando

Sheet Rincon de Aranda
C1: INFORME DE SINIESTRALIDAD | F1: 2025 | Q1: Accidentes CAUSAS 75% | R1: 39083
A2: Rincon de Aranda
C3: Estadísticas de Accidentes | H3: Incorporar a tablero de indicadores | K3: Incorporar a tablero de indicadores
A4: Mes y Año | B4: Personal | C4: Hht | D4: Accidentes | E4: Días Caídos | F4: Indice de I | G4: indice de f | H4: Tasa de frecuencia Acumulado año eventos cada millon de horas (YTD) | I4: Tasa de frecuencia Acumulado año eventos cada mil de horas (YTD) | J4: Promedio Mensual de eventos | K4: Cada cuantos dias se espera un evento
A6: 45658 | B6: 0 | C6: 0 | D6: 0 | E6: 0 | F6: =D6*1000/B6*12 -> #DIV/0! | G6: =D6*1000000/C6 -> #DIV/0! | H6: =+D7*1000000/C7 -> #DIV/0! | I6: =+H6/1000 -> #DIV/0! | J6: =+AVERAGE($D$6:D7) -> 0 | K6: =+IF(J6=0,"Sin eventos registrados",30/J6) -> Sin eventos registrados
A7: 45689 | B7: 0 | C7: 0 | D7: 0 | E7: 0 | F7: =D7*1000/B7*12 -> #DIV/0! | G7: =D7*1000000/C7 -> #DIV/0! | H7: =+SUM($D$6:D8)*1000000/SUM($C$6:C8) -> #DIV/0! | I7: =+H7/1000 -> #DIV/0! | J7: =+AVERAGE($D$6:D8) -> 0 | K7: =+IF(J7=0,"Sin eventos registrados",30/J7) -> Sin eventos registrados
A8: 45717 | B8: 0 | C8: 0 | D8: 0 | E8: 0 | F8: =D8*1000/B8*12 -> #DIV/0! | G8: =D8*1000000/C8 -> #DIV/0! | H8: =+SUM($D$6:D9)*1000000/SUM($C$6:C9) -> 0 | I8: =+H8/1000 -> 0 | J8: =+AVERAGE($D$6:D9) -> 0 | K8: =+IF(J8=0,"Sin eventos registrados",30/J8) -> Sin eventos registrados
A9: 45748 | B9: 24 | C9: =B9*200 -> 4800 | D9: 0 | E9: 0 | F9: =D9*1000/B9*12 -> 0 | G9: =D9*1000000/C9 -> 0 | H9: =+SUM($D$6:D10)*1000000/SUM($C$6:C10) -> 0 | I9: =+H9/1000 -> 0 | J9: =+AVERAGE($D$6:D10) -> 0 | K9: =+IF(J9=0,"Sin eventos registrados",30/J9) -> Sin eventos registrados
A10: 45778 | B10: 24 | C10: =B10*200 -> 4800 | D10: 0 | E10: 0 | F10: =D10*1000/B10*12 -> 0 | G10: =D10*1000000/C10 -> 0 | H10: =+SUM($D$6:D11)*1000000/SUM($C$6:C11) -> 0 | I10: =+H10/1000 -> 0 | J10: =+AVERAGE($D$6:D11) -> 0 | K10: =+IF(J10=0,"Sin eventos registrados",30/J10) -> Sin eventos registrados
A11: 45809 | B11: 27 | C11: =B11*200 -> 5400 | D11: 0 | E11: 0 | F11: =D11*1000/B11 -> 0 | G11: =D11*1000000/C11 -> 0 | H11: =+SUM($D$6:D12)*1000000/SUM($C$6:C12) -> 0 | I11: =+H11/1000 -> 0 | J11: =+AVERAGE($D$6:D12) -> 0 | K11: =+IF(J11=0,"Sin eventos registrados",30/J11) -> Sin eventos registrados
A12: 45839 | B12: 29 | C12: =B12*200 -> 5800 | D12: 0 | E12: 0 | F12: =D12*1000/B12*12 -> 0 | G12: =D12*1000000/C12 -> 0 | H12: =+SUM($D$6:D13)*1000000/SUM($C$6:C13) -> 0 | I12: =+H12/1000 -> 0 | J12: =+AVERAGE($D$6:D13) -> 0 | K12: =+IF(J12=0,"Sin eventos registrados",30/J12) -> Sin eventos registrados
A13: 45870 | B13: 35 | C13: =B13*200 -> 7000 | D13: 0 | E13: 0 | F13: =D13*1000/B13*12 -> 0 | G13: =D13*1000000/C13 -> 0 | H13: =+SUM($D$6:D14)*1000000/SUM($C$6:C14) -> 0 | I13: =+H13/1000 -> 0 | J13: =+AVERAGE($D$6:D14) -> 0 | K13: =+IF(J13=0,"Sin eventos registrados",30/J13) -> Sin eventos registrados
A14: 45901 | B14: 38 | C14: =B14*200 -> 7600 | D14: 0 | E14: 0 | F14: =D14*1000/B14*12 -> 0 | G14: =D14*1000000/C14 -> 0 | H14: =+SUM($D$6:D15)*1000000/SUM($C$6:C15) -> 0 | I14: =+H14/1000 -> 0 | J14: =+AVERAGE($D$6:D15) -> 0 | K14: =+IF(J14=0,"Sin eventos registrados",30/J14) -> Sin eventos registrados
A15: 45931 | B15: 42 | C15: =B15*200 -> 8400 | D15: 0 | E15: 0 | F15: =D15*1000/B15*12 -> 0 | G15: =D15*1000000/C15 -> 0 | H15: =+SUM($D$6:D16)*1000000/SUM($C$6:C16) -> 19.157088 | I15: =+H15/1000 -> 0.019157088 | J15: =+AVERAGE($D$6:D16) -> 0.090909091 | K15: =+IF(J15=0,"Sin eventos registrados",30/J15) -> 330
A16: 45962 | B16: 42 | C16: =B16*200 -> 8400 | D16: 1 | E16: 2 | F16: =D16*1000/B16*12 -> 285.71429 | G16: =D16*1000000/C16 -> 119.04762 | H16: =+SUM($D$6:D17)*1000000/SUM($C$6:C17) -> 16.556291 | I16: =+H16/1000 -> 0.016556291 | J16: =+AVERAGE($D$6:D17) -> 0.083333333 | K16: =+IF(J16=0,"Sin eventos registrados",30/J16) -> 360
A17: 45992 | B17: 41 | C17: =B17*200 -> 8200 | D17: 0 | E17: 0 | F17: =D17*1000/B17*12 -> 0 | G17: =D17*1000000/C17 -> 0 | H17: =+SUM($D$6:D18)*1000000/SUM($C$6:C18) -> 16.556291 | I17: =+H17/1000 -> 0.016556291 | J17: =+AVERAGE($D$6:D18) -> 0.083333333 | K17: =+IF(J17=0,"Sin eventos registrados",30/J17) -> 360
A19: Total/Prom | B19: =SUM(B6:B17)/12 -> 25.166667 | C19: =SUM(C6:C17) -> 60400 | D19: =SUM(D6:D17) -> 1 | E19: =SUM(E6:E17) -> 2 | F19: =D19*1000/B19 -> 39.735099
A22: Indice de Incidencia = | C22: Trab Siniest x 1.000 | D22: = | E22: =D19*1000/B19 -> 39.735099 | F22: Trabajadores siniestrados por cada 1.000 trabajadores.
C23: Trabajadores exp
A25: Indice de Frecuencia = | C25: Trab Siniest x 1.000.000 | D25: = | E25: =D19*1000000/C19 -> 16.556291 | F25: Trabajadores siniestrados por cada 1.000.000 de hs. trabajadas.
C26: Horas Trabajadas
A28: Indice de Gravedad = | C28: Días Caídos | D28: = | E28: =E19/B19 -> 0.079470199 | F28: Cantidad de días no trabajados por acc., por cada trabajador.
A29: (pérdida) | C29: Trabajadores exp
A31: El cálculo del Indice de Incidencia contempla la modificación impuesta por la Res 475/11 Superintendencia de Riesgos de Trabajo:
E58: lic. Vidal Fernando

Sheet Ricon de los Sauces
C1: INFORME DE SINIESTRALIDAD | F1: 2025
A2: Rincon
C3: Estadísticas de Accidentes | H3: Incorporar a tablero de indicadores | K3: Incorporar a tablero de indicadores
A4: Mes y Año | B4: Personal | C4: Hht | D4: Accidentes | E4: Días Caídos | F4: Indice de I | G4: indice de f | H4: Tasa de frecuencia Acumulado año eventos cada millon de horas (YTD) | I4: Tasa de frecuencia Acumulado año eventos cada mil de horas (YTD) | J4: Promedio Mensual de eventos | K4: Cada cuantos dias se espera un evento
A6: 45658 | B6: 13 | C6: =B6*200 -> 2600 | D6: 0 | E6: 0 | F6: =D6*1000/B6*12 -> 0 | G6: =D6*1000000/C6 -> 0 | H6: =+D7*1000000/C7 -> 0 | I6: =+H6/1000 -> 0 | J6: =+AVERAGE($D$6:D7) -> 0 | K6: =+IF(J6=0,"Sin eventos registrados",30/J6) -> Sin eventos registrados
A7: 45689 | B7: 13 | C7: =B7*200 -> 2600 | D7: 0 | E7: 0 | F7: =D7*1000/B7*12 -> 0 | G7: =D7*1000000/C7 -> 0 | H7: =+SUM($D$6:D8)*1000000/SUM($C$6:C8) -> 0 | I7: =+H7/1000 -> 0 | J7: =+AVERAGE($D$6:D8) -> 0 | K7: =+IF(J7=0,"Sin eventos registrados",30/J7) -> Sin eventos registrados
A8: 45717 | B8: 27 | C8: =B8*200 -> 5400 | D8: 0 | E8: 0 | F8: =D8*1000/B8*12 -> 0 | G8: =D8*1000000/C8 -> 0 | H8: =+SUM($D$6:D9)*1000000/SUM($C$6:C9) -> 62.5 | I8: =+H8/1000 -> 0.0625 | J8: =+AVERAGE($D$6:D9) -> 0.25 | K8: =+IF(J8=0,"Sin eventos registrados",30/J8) -> 120
A9: 45748 | B9: 27 | C9: =B9*200 -> 5400 | D9: 1 | E9: 25 | F9: =D9*1000/B9*12 -> 444.44444 | G9: =D9*1000000/C9 -> 185.18519 | H9: =+SUM($D$6:D10)*1000000/SUM($C$6:C10) -> 46.728972 | I9: =+H9/1000 -> 0.046728972 | J9: =+AVERAGE($D$6:D10) -> 0.2 | K9: =+IF(J9=0,"Sin eventos registrados",30/J9) -> 150
A10: 45778 | B10: 27 | C10: =B10*200 -> 5400 | D10: 0 | E10: 0 | F10: =D10*1000/B10*12 -> 0 | G10: =D10*1000000/C10 -> 0 | H10: =+SUM($D$6:D11)*1000000/SUM($C$6:C11) -> 37.313433 | I10: =+H10/1000 -> 0.037313433 | J10: =+AVERAGE($D$6:D11) -> 0.16666667 | K10: =+IF(J10=0,"Sin eventos registrados",30/J10) -> 180
A11: 45809 | B11: 27 | C11: =B11*200 -> 5400 | D11: 0 | E11: 0 | F11: =D11*1000/B11*12 -> 0 | G11: =D11*1000000/C11 -> 0 | H11: =+SUM($D$6:D12)*1000000/SUM($C$6:C12) -> 30.120482 | I11: =+H11/1000 -> 0.030120482 | J11: =+AVERAGE($D$6:D12) -> 0.14285714 | K11: =+IF(J11=0,"Sin eventos registrados",30/J11) -> 210
A12: 45839 | B12: 32 | C12: =B12*200 -> 6400 | D12: 0 | E12: 0 | F12: =D12*1000/B12 -> 0 | G12: =D12*1000000/C12 -> 0 | H12: =+SUM($D$6:D13)*1000000/SUM($C$6:C13) -> 25.987526 | I12: =+H12/1000 -> 0.025987526 | J12: =+AVERAGE($D$6:D13) -> 0.125 | K12: =+IF(J12=0,"Sin eventos registrados",30/J12) -> 240
A13: 45870 | B13: 30 | C13: =B13*8*22 -> 5280 | D13: 0 | E13: 0 | F13: =D13*1000/B13*12 -> 0 | G13: =D13*1000000/C13 -> 0 | H13: =+SUM($D$6:D14)*1000000/SUM($C$6:C14) -> 23.10536 | I13: =+H13/1000 -> 0.02310536 | J13: =+AVERAGE($D$6:D14) -> 0.11111111 | K13: =+IF(J13=0,"Sin eventos registrados",30/J13) -> 270
A14: 45901 | B14: 24 | C14: =B14*8*25 -> 4800 | D14: 0 | E14: 0 | F14: =D14*1000/B14*12 -> 0 | G14: =D14*1000000/C14 -> 0 | H14: =+SUM($D$6:D15)*1000000/SUM($C$6:C15) -> 20.71251 | I14: =+H14/1000 -> 0.02071251 | J14: =+AVERAGE($D$6:D15) -> 0.1 | K14: =+IF(J14=0,"Sin eventos registrados",30/J14) -> 300
A15: 45931 | B15: 25 | C15: =B15*8*25 -> 5000 | D15: 0 | E15: 0 | F15: =D15*1000/B15*12 -> 0 | G15: =D15*1000000/C15 -> 0 | H15: =+SUM($D$6:D16)*1000000/SUM($C$6:C16) -> 18.768769 | I15: =+H15/1000 -> 0.018768769 | J15: =+AVERAGE($D$6:D16) -> 0.090909091 | K15: =+IF(J15=0,"Sin eventos registrados",30/J15) -> 330
A16: 45962 | B16: 25 | C16: =B16*8*25 -> 5000 | D16: 0 | E16: 0 | F16: =D16*1000/B16*12 -> 0 | G16: =D16*1000000/C16 -> 0 | H16: =+SUM($D$6:D17)*1000000/SUM($C$6:C17) -> 17.337032 | I16: =+H16/1000 -> 0.017337032 | J16: =+AVERAGE($D$6:D17) -> 0.083333333 | K16: =+IF(J16=0,"Sin eventos registrados",30/J16) -> 360
A17: 45992 | B17: 22 | C17: =B17*8*25 -> 4400 | D17: 0 | E17: 0 | F17: =D17*1000/B17*12 -> 0 | G17: =D17*1000000/C17 -> 0 | H17: =+SUM($D$6:D18)*1000000/SUM($C$6:C18) -> 17.337032 | I17: =+H17/1000 -> 0.017337032 | J17: =+AVERAGE($D$6:D18) -> 0.083333333 | K17: =+IF(J17=0,"Sin eventos registrados",30/J17) -> 360
A19: Total/Prom | B19: =SUM(B6:B17)/7 -> 41.714286 | C19: =SUM(C6:C17) -> 57680 | D19: =SUM(D6:D17) -> 1 | E19: =SUM(E6:E17) -> 25 | F19: =D19*1000/B19 -> 23.972603
A22: Indice de Incidencia = | C22: Trab Siniest x 1.000 | D22: = | E22: =D19*1000/B19 -> 23.972603 | F22: Trabajadores siniestrados por cada 1.000 trabajadores.
C23: Trabajadores exp
A25: Indice de Frecuencia = | C25: Trab Siniest x 1.000.000 | D25: = | E25: =D19*1000000/C19 -> 17.337032 | F25: Trabajadores siniestrados por cada 1.000.000 de hs. trabajadas.
C26: Horas Trabajadas
A28: Indice de Gravedad = | C28: Días Caídos | D28: = | E28: =E19/B19 -> 0.59931507 | F28: Cantidad de días no trabajados por acc., por cada trabajador.
A29: (pérdida) | C29: Trabajadores exp
A31: El cálculo del Indice de Incidencia contempla la modificación impuesta por la Res 475/11 Superintendencia de Riesgos de Trabajo:
F58: Lic. Vidal Fernando

Sheet Salta
C1: INFORME DE SINIESTRALIDAD | F1: 2025
A2: Salta
C3: Estadísticas de Accidentes | H3: Incorporar a tablero de indicadores | K3: Incorporar a tablero de indicadores
A4: Mes y Año | B4: Personal | C4: Hht | D4: Accidentes | E4: Días Caídos | F4: Indice de I | G4: indice de f | H4: Tasa de frecuencia Acumulado año eventos cada millon de horas (YTD) | I4: Tasa de frecuencia Acumulado año eventos cada mil de horas (YTD) | J4: Promedio Mensual de eventos | K4: Cada cuantos dias se espera un evento
A6: 45658 | B6: 10 | C6: =B6*200 -> 2000 | D6: 0 | E6: 0 | F6: =D6*1000/B6*12 -> 0 | G6: =D6*1000000/C6 -> 0 | H6: =+SUM($D$6:D7)*1000000/SUM($C$6:C7) -> 0 | I6: =+H6/1000 -> 0 | J6: =+AVERAGE($D$6:D7) -> 0 | K6: =+IF(J6=0,"Sin eventos registrados",30/J6) -> Sin eventos registrados
A7: 45689 | B7: 10 | C7: =B7*200 -> 2000 | D7: 0 | E7: 0 | F7: =D7*1000/B7*12 -> 0 | G7: =D7*1000000/C7 -> 0 | H7: =+SUM($D$6:D8)*1000000/SUM($C$6:C8) -> 173.61111 | I7: =+H7/1000 -> 0.17361111 | J7: =+AVERAGE($D$6:D8) -> 0.33333333 | K7: =+IF(J7=0,"Sin eventos registrados",30/J7) -> 90
A8: 45717 | B8: 10 | C8: =B8*8*22 -> 1760 | D8: 1 | E8: 31 | F8: =D8*1000/B8*12 -> 1200 | G8: =D8*1000000/C8 -> 568.18182 | H8: =+SUM($D$6:D9)*1000000/SUM($C$6:C9) -> 132.97872 | I8: =+H8/1000 -> 0.13297872 | J8: =+AVERAGE($D$6:D9) -> 0.25 | K8: =+IF(J8=0,"Sin eventos registrados",30/J8) -> 120
A9: 45748 | B9: 10 | C9: =B9*8*22 -> 1760 | D9: 0 | E9: 30 | F9: =D9*1000/B9*12 -> 0 | G9: =D9*1000000/C9 -> 0 | H9: =+SUM($D$6:D10)*1000000/SUM($C$6:C10) -> 105.04202 | I9: =+H9/1000 -> 0.10504202 | J9: =+AVERAGE($D$6:D10) -> 0.2 | K9: =+IF(J9=0,"Sin eventos registrados",30/J9) -> 150
A10: 45778 | B10: 10 | C10: =B10*200 -> 2000 | D10: 0 | E10: 0 | F10: =D10*1000/B10*12 -> 0 | G10: =D10*1000000/C10 -> 0 | H10: =+SUM($D$6:D11)*1000000/SUM($C$6:C11) -> 86.805556 | I10: =+H10/1000 -> 0.086805556 | J10: =+AVERAGE($D$6:D11) -> 0.16666667 | K10: =+IF(J10=0,"Sin eventos registrados",30/J10) -> 180
A11: 45809 | B11: 10 | C11: =B11*200 -> 2000 | D11: 0 | E11: 0 | F11: =D11*1000/B11*12 -> 0 | G11: =D11*1000000/C11 -> 0 | H11: =+SUM($D$6:D12)*1000000/SUM($C$6:C12) -> 78.616352 | I11: =+H11/1000 -> 0.078616352 | J11: =+AVERAGE($D$6:D12) -> 0.14285714 | K11: =+IF(J11=0,"Sin eventos registrados",30/J11) -> 210
A12: 45839 | B12: 6 | C12: =B12*200 -> 1200 | D12: 0 | E12: 0 | F12: =D12*1000/B12 -> 0 | G12: =D12*1000000/C12 -> 0 | H12: =+SUM($D$6:D13)*1000000/SUM($C$6:C13) -> 71.83908 | I12: =+H12/1000 -> 0.07183908 | J12: =+AVERAGE($D$6:D13) -> 0.125 | K12: =+IF(J12=0,"Sin eventos registrados",30/J12) -> 240
A13: 45870 | B13: 6 | C13: =B13*200 -> 1200 | D13: 0 | E13: 0 | F13: =D13*1000/B13*12 -> 0 | G13: =D13*1000000/C13 -> 0 | H13: =+SUM($D$6:D14)*1000000/SUM($C$6:C14) -> 67.934783 | I13: =+H13/1000 -> 0.067934783 | J13: =+AVERAGE($D$6:D14) -> 0.11111111 | K13: =+IF(J13=0,"Sin eventos registrados",30/J13) -> 270
A14: 45901 | B14: 4 | C14: =B14*200 -> 800 | D14: 0 | E14: 0 | F14: =D14*1000/B14*12 -> 0 | G14: =D14*1000000/C14 -> 0 | H14: =+SUM($D$6:D15)*1000000/SUM($C$6:C15) -> 63.613232 | I14: =+H14/1000 -> 0.063613232 | J14: =+AVERAGE($D$6:D15) -> 0.1 | K14: =+IF(J14=0,"Sin eventos registrados",30/J14) -> 300
A15: 45931 | B15: 5 | C15: =B15*200 -> 1000 | D15: 0 | E15: 0 | F15: =D15*1000/B15*12 -> 0 | G15: =D15*1000000/C15 -> 0 | H15: =+SUM($D$6:D16)*1000000/SUM($C$6:C16) -> 59.808612 | I15: =+H15/1000 -> 0.059808612 | J15: =+AVERAGE($D$6:D16) -> 0.090909091 | K15: =+IF(J15=0,"Sin eventos registrados",30/J15) -> 330
A16: 45962 | B16: 5 | C16: =B16*200 -> 1000 | D16: 0 | E16: 0 | F16: =D16*1000/B16*12 -> 0 | G16: =D16*1000000/C16 -> 0 | H16: =+SUM($D$6:D17)*1000000/SUM($C$6:C17) -> 57.077626 | I16: =+H16/1000 -> 0.057077626 | J16: =+AVERAGE($D$6:D17) -> 0.083333333 | K16: =+IF(J16=0,"Sin eventos registrados",30/J16) -> 360
A17: 45992 | B17: 4 | C17: =B17*200 -> 800 | D17: 0 | E17: 0 | F17: =D17*1000/B17*12 -> 0 | G17: =D17*1000000/C17 -> 0 | H17: =+SUM($D$6:D18)*1000000/SUM($C$6:C18) -> 57.077626 | I17: =+H17/1000 -> 0.057077626 | J17: =+AVERAGE($D$6:D18) -> 0.083333333 | K17: =+IF(J17=0,"Sin eventos registrados",30/J17) -> 360
A19: Total/Prom | B19: =SUM(B6:B17)/12 -> 7.5 | C19: =SUM(C6:C17) -> 17520 | D19: =SUM(D6:D17) -> 1 | E19: =SUM(E6:E17) -> 61 | F19: =D19*1000/B19 -> 133.33333
A22: Indice de Incidencia = | C22: Trab Siniest x 1.000 | D22: = | E22: =D19*1000/B19 -> 133.33333 | F22: Trabajadores siniestrados por cada 1.000 trabajadores.
C23: Trabajadores exp
A25: Indice de Frecuencia = | C25: Trab Siniest x 1.000.000 | D25: = | E25: =D19*1000000/C19 -> 57.077626 | F25: Trabajadores siniestrados por cada 1.000.000 de hs. trabajadas.
C26: Horas Trabajadas
A28: Indice de Gravedad = | C28: Días Caídos | D28: = | E28: =E19/B19 -> 8.1333333 | F28: Cantidad de días no trabajados por acc., por cada trabajador.
A29: (pérdida) | C29: Trabajadores exp
A31: El cálculo del Indice de Incidencia contempla la modificación impuesta por la Res 475/11 Superintendencia de Riesgos de Trabajo:
F58: Lic. Vidal Fernando

Sheet Comirsa
C1: INFORME DE SINIESTRALIDAD | F1: 2025 | Q1: Accidentes CAUSAS 75% | R1: 39083
A2: Comirsa
C3: Estadísticas de Accidentes | H3: Incorporar a tablero de indicadores | K3: Incorporar a tablero de indicadores
A4: Mes y Año | B4: Personal | C4: Hht | D4: Accidentes | E4: Días Caídos | F4: Indice de I | G4: indice de f | H4: Tasa de frecuencia Acumulado año eventos cada millon de horas (YTD) | I4: Tasa de frecuencia Acumulado año eventos cada mil de horas (YTD) | J4: Promedio Mensual de eventos | K4: Cada cuantos dias se espera un evento
A6: 45658 | B6: 4 | C6: 2520 | D6: 0 | E6: 0 | F6: =D6*1000/B6*12 -> 0 | G6: =D6*1000000/C6 -> 0 | H6: =+D7*1000000/C7 -> 0 | I6: =+H6/1000 -> 0 | J6: =+AVERAGE($D$6:D7) -> 0 | K6: =+IF(J6=0,"Sin eventos registrados",30/J6) -> Sin eventos registrados
A7: 45689 | B7: 4 | C7: 2272 | D7: 0 | E7: 0 | F7: =D7*1000/B7*12 -> 0 | G7: =D7*1000000/C7 -> 0 | H7: =+SUM($D$6:D8)*1000000/SUM($C$6:C8) -> 0 | I7: =+H7/1000 -> 0 | J7: =+AVERAGE($D$6:D8) -> 0 | K7: =+IF(J7=0,"Sin eventos registrados",30/J7) -> Sin eventos registrados
A8: 45717 | B8: 4 | C8: =B8*200 -> 800 | D8: 0 | E8: 0 | F8: =D8*1000/B8*12 -> 0 | G8: =D8*1000000/C8 -> 0 | H8: =+SUM($D$6:D9)*1000000/SUM($C$6:C9) -> 0 | I8: =+H8/1000 -> 0 | J8: =+AVERAGE($D$6:D9) -> 0 | K8: =+IF(J8=0,"Sin eventos registrados",30/J8) -> Sin eventos registrados
A9: 45748 | B9: 4 | C9: =B9*200 -> 800 | D9: 0 | E9: 0 | F9: =D9*1000/B9*12 -> 0 | G9: =D9*1000000/C9 -> 0 | H9: =+SUM($D$6:D10)*1000000/SUM($C$6:C10) -> 0 | I9: =+H9/1000 -> 0 | J9: =+AVERAGE($D$6:D10) -> 0 | K9: =+IF(J9=0,"Sin eventos registrados",30/J9) -> Sin eventos registrados
A10: 45778 | B10: 4 | C10: =B10*200 -> 800 | D10: 0 | E10: 0 | F10: =D10*1000/B10*12 -> 0 | G10: =D10*1000000/C10 -> 0 | H10: =+SUM($D$6:D11)*1000000/SUM($C$6:C11) -> 0 | I10: =+H10/1000 -> 0 | J10: =+AVERAGE($D$6:D11) -> 0 | K10: =+IF(J10=0,"Sin eventos registrados",30/J10) -> Sin eventos registrados
A11: 45809 | B11: 4 | C11: =B11*200 -> 800 | D11: 0 | E11: 0 | F11: =D11*1000/B11 -> 0 | G11: =D11*1000000/C11 -> 0 | H11: =+SUM($D$6:D12)*1000000/SUM($C$6:C12) -> 0 | I11: =+H11/1000 -> 0 | J11: =+AVERAGE($D$6:D12) -> 0 | K11: =+IF(J11=0,"Sin eventos registrados",30/J11) -> Sin eventos registrados
A12: 45839 | B12: 3 | C12: =B12*200 -> 600 | D12: 0 | E12: 0 | F12: =D12*1000/B12*12 -> 0 | G12: =D12*1000000/C12 -> 0 | H12: =+SUM($D$6:D13)*1000000/SUM($C$6:C13) -> 0 | I12: =+H12/1000 -> 0 | J12: =+AVERAGE($D$6:D13) -> 0 | K12: =+IF(J12=0,"Sin eventos registrados",30/J12) -> Sin eventos registrados
A13: 45870 | B13: 4 | C13: =B13*200 -> 800 | D13: 0 | E13: 0 | F13: =D13*1000/B13*12 -> 0 | G13: =D13*1000000/C13 -> 0 | H13: =+SUM($D$6:D14)*1000000/SUM($C$6:C14) -> 0 | I13: =+H13/1000 -> 0 | J13: =+AVERAGE($D$6:D14) -> 0 | K13: =+IF(J13=0,"Sin eventos registrados",30/J13) -> Sin eventos registrados
A14: 45901 | B14: 7 | C14: =B14*200 -> 1400 | D14: 0 | E14: 0 | F14: =D14*1000/B14*12 -> 0 | G14: =D14*1000000/C14 -> 0 | H14: =+SUM($D$6:D15)*1000000/SUM($C$6:C15) -> 0 | I14: =+H14/1000 -> 0 | J14: =+AVERAGE($D$6:D15) -> 0 | K14: =+IF(J14=0,"Sin eventos registrados",30/J14) -> Sin eventos registrados
A15: 45931 | B15: 7 | C15: =B15*200 -> 1400 | D15: 0 | E15: 0 | F15: =D15*1000/B15*12 -> 0 | G15: =D15*1000000/C15 -> 0 | H15: =+SUM($D$6:D16)*1000000/SUM($C$6:C16) -> 0 | I15: =+H15/1000 -> 0 | J15: =+AVERAGE($D$6:D16) -> 0 | K15: =+IF(J15=0,"Sin eventos registrados",30/J15) -> Sin eventos registrados
A16: 45962 | B16: 7 | C16: =B16*200 -> 1400 | D16: 0 | E16: 0 | F16: =D16*1000/B16*12 -> 0 | G16: =D16*1000000/C16 -> 0 | H16: =+SUM($D$6:D17)*1000000/SUM($C$6:C17) -> 0 | I16: =+H16/1000 -> 0 | J16: =+AVERAGE($D$6:D17) -> 0 | K16: =+IF(J16=0,"Sin eventos registrados",30/J16) -> Sin eventos registrados
A17: 45992 | B17: 8 | C17: =B17*200 -> 1600 | D17: 0 | E17: 0 | F17: =D17*1000/B17*12 -> 0 | G17: =D17*1000000/C17 -> 0 | H17: =+SUM($D$6:D18)*1000000/SUM($C$6:C18) -> 0 | I17: =+H17/1000 -> 0 | J17: =+AVERAGE($D$6:D18) -> 0 | K17: =+IF(J17=0,"Sin eventos registrados",30/J17) -> Sin eventos registrados
A19: Total/Prom | B19: =SUM(B6:B17)/12 -> 5 | C19: =SUM(C6:C17) -> 15192 | D19: =SUM(D6:D17) -> 0 | E19: =SUM(E6:E17) -> 0 | F19: =D19*1000/B19 -> 0
A22: Indice de Incidencia = | C22: Trab Siniest x 1.000 | D22: = | E22: =D19*1000/B19 -> 0 | F22: Trabajadores siniestrados por cada 1.000 trabajadores.
C23: Trabajadores exp
A25: Indice de Frecuencia = | C25: Trab Siniest x 1.000.000 | D25: = | E25: =D19*1000000/C19 -> 0 | F25: Trabajadores siniestrados por cada 1.000.000 de hs. trabajadas.
C26: Horas Trabajadas
A28: Indice de Gravedad = | C28: Días Caídos | D28: = | E28: =E19/B19 -> 0 | F28: Cantidad de días no trabajados por acc., por cada trabajador.
A29: (pérdida) | C29: Trabajadores exp
A31: El cálculo del Indice de Incidencia contempla la modificación impuesta por la Res 475/11 Superintendencia de Riesgos de Trabajo:
E58: lic. Vidal Fernando

Sheet Blanca Luna
C1: INFORME DE SINIESTRALIDAD | F1: 2025
A2: Blanca Luna
C3: Estadísticas de Accidentes | H3: Incorporar a tablero de indicadores | K3: Incorporar a tablero de indicadores
A4: Mes y Año | B4: Personal | C4: Hht | D4: Accidentes | E4: Días Caídos | F4: Indice de I | G4: indice de f | H4: Tasa de frecuencia Acumulado año eventos cada millon de horas (YTD) | I4: Tasa de frecuencia Acumulado año eventos cada mil de horas (YTD) | J4: Promedio Mensual de eventos | K4: Cada cuantos dias se espera un evento
A6: 45658 | B6: 2 | C6: =B6*200 -> 400 | D6: 0 | E6: 0 | F6: =D6*1000/B6*12 -> 0 | G6: =D6*1000000/C6 -> 0 | H6: =+D7*1000000/C7 -> 0 | I6: =+H6/1000 -> 0 | J6: =+AVERAGE($D$6:D7) -> 0 | K6: =+IF(J6=0,"Sin eventos registrados",30/J6) -> Sin eventos registrados
A7: 45689 | B7: 2 | C7: =B7*200 -> 400 | D7: 0 | E7: 0 | F7: =D7*1000/B7*12 -> 0 | G7: =D7*1000000/C7 -> 0 | H7: =+SUM($D$6:D8)*1000000/SUM($C$6:C8) -> 0 | I7: =+H7/1000 -> 0 | J7: =+AVERAGE($D$6:D8) -> 0 | K7: =+IF(J7=0,"Sin eventos registrados",30/J7) -> Sin eventos registrados
A8: 45717 | B8: 2 | C8: =B8*200 -> 400 | D8: 0 | E8: 0 | F8: =D8*1000/B8*12 -> 0 | G8: =D8*1000000/C8 -> 0 | H8: =+SUM($D$6:D9)*1000000/SUM($C$6:C9) -> 0 | I8: =+H8/1000 -> 0 | J8: =+AVERAGE($D$6:D9) -> 0 | K8: =+IF(J8=0,"Sin eventos registrados",30/J8) -> Sin eventos registrados
A9: 45748 | B9: 2 | C9: =B9*200 -> 400 | D9: 0 | E9: 0 | F9: =D9*1000/B9*12 -> 0 | G9: =D9*1000000/C9 -> 0 | H9: =+SUM($D$6:D10)*1000000/SUM($C$6:C10) -> 0 | I9: =+H9/1000 -> 0 | J9: =+AVERAGE($D$6:D10) -> 0 | K9: =+IF(J9=0,"Sin eventos registrados",30/J9) -> Sin eventos registrados
A10: 45778 | B10: 2 | C10: =B10*200 -> 400 | D10: 0 | E10: 0 | F10: =D10*1000/B10*12 -> 0 | G10: =D10*1000000/C10 -> 0 | H10: =+SUM($D$6:D11)*1000000/SUM($C$6:C11) -> 0 | I10: =+H10/1000 -> 0 | J10: =+AVERAGE($D$6:D11) -> 0 | K10: =+IF(J10=0,"Sin eventos registrados",30/J10) -> Sin eventos registrados
A11: 45809 | B11: 2 | C11: =B11*200 -> 400 | D11: 0 | E11: 0 | F11: =D11*1000/B11*12 -> 0 | G11: =D11*1000000/C11 -> 0 | H11: =+SUM($D$6:D12)*1000000/SUM($C$6:C12) -> 0 | I11: =+H11/1000 -> 0 | J11: =+AVERAGE($D$6:D12) -> 0 | K11: =+IF(J11=0,"Sin eventos registrados",30/J11) -> Sin eventos registrados
A12: 45839 | B12: 2 | C12: =B12*200 -> 400 | D12: 0 | E12: 0 | F12: =D12*1000/B12 -> 0 | G12: =D12*1000000/C12 -> 0 | H12: =+SUM($D$6:D13)*1000000/SUM($C$6:C13) -> 0 | I12: =+H12/1000 -> 0 | J12: =+AVERAGE($D$6:D13) -> 0 | K12: =+IF(J12=0,"Sin eventos registrados",30/J12) -> Sin eventos registrados
A13: 45870 | B13: 2 | C13: =B13*200 -> 400 | D13: 0 | E13: 0 | F13: =D13*1000/B13*12 -> 0 | G13: =D13*1000000/C13 -> 0 | H13: =+SUM($D$6:D14)*1000000/SUM($C$6:C14) -> 0 | I13: =+H13/1000 -> 0 | J13: =+AVERAGE($D$6:D14) -> 0 | K13: =+IF(J13=0,"Sin eventos registrados",30/J13) -> Sin eventos registrados
A14: 45901 | B14: 2 | C14: =B14*200 -> 400 | D14: 0 | E14: 0 | F14: =D14*1000/B14*12 -> 0 | G14: =D14*1000000/C14 -> 0 | H14: =+SUM($D$6:D15)*1000000/SUM($C$6:C15) -> 0 | I14: =+H14/1000 -> 0 | J14: =+AVERAGE($D$6:D15) -> 0 | K14: =+IF(J14=0,"Sin eventos registrados",30/J14) -> Sin eventos registrados
A15: 45931 | B15: 2 | C15: =B15*200 -> 400 | D15: 0 | E15: 0 | F15: =D15*1000/B15*12 -> 0 | G15: =D15*1000000/C15 -> 0 | H15: =+SUM($D$6:D16)*1000000/SUM($C$6:C16) -> 0 | I15: =+H15/1000 -> 0 | J15: =+AVERAGE($D$6:D16) -> 0 | K15: =+IF(J15=0,"Sin eventos registrados",30/J15) -> Sin eventos registrados
A16: 45962 | B16: 2 | C16: =B16*200 -> 400 | D16: 0 | E16: 0 | F16: =D16*1000/B16*12 -> 0 | G16: =D16*1000000/C16 -> 0 | H16: =+SUM($D$6:D17)*1000000/SUM($C$6:C17) -> 0 | I16: =+H16/1000 -> 0 | J16: =+AVERAGE($D$6:D17) -> 0 | K16: =+IF(J16=0,"Sin eventos registrados",30/J16) -> Sin eventos registrados
A17: 45992 | B17: 2 | C17: =B17*200 -> 400 | D17: 0 | E17: 0 | F17: =D17*1000/B17*12 -> 0 | G17: =D17*1000000/C17 -> 0 | H17: =+SUM($D$6:D18)*1000000/SUM($C$6:C18) -> 0 | I17: =+H17/1000 -> 0 | J17: =+AVERAGE($D$6:D18) -> 0 | K17: =+IF(J17=0,"Sin eventos registrados",30/J17) -> Sin eventos registrados
A19: Total/Prom | B19: =SUM(B6:B17)/12 -> 2 | C19: =SUM(C6:C17) -> 4800 | D19: =SUM(D6:D17) -> 0 | E19: =SUM(E6:E17) -> 0 | F19: =D19*1000/B19 -> 0
A22: Indice de Incidencia = | C22: Trab Siniest x 1.000 | D22: = | E22: =D19*1000/B19 -> 0 | F22: Trabajadores siniestrados por cada 1.000 trabajadores.
C23: Trabajadores exp
A25: Indice de Frecuencia = | C25: Trab Siniest x 1.000.000 | D25: = | E25: =D19*1000000/C19 -> 0 | F25: Trabajadores siniestrados por cada 1.000.000 de hs. trabajadas.
C26: Horas Trabajadas
A28: Indice de Gravedad = | C28: Días Caídos | D28: = | E28: =E19/B19 -> 0 | F28: Cantidad de días no trabajados por acc., por cada trabajador.
A29: (pérdida) | C29: Trabajadores exp
A31: El cálculo del Indice de Incidencia contempla la modificación impuesta por la Res 475/11 Superintendencia de Riesgos de Trabajo:
F58: Lic. Vidal Fernando

Sheet Los Toldos
C1: INFORME DE SINIESTRALIDAD | F1: 2025
A2: LOS TOLDOS
C3: Estadísticas de Accidentes | H3: Incorporar a tablero de indicadores | K3: Incorporar a tablero de indicadores
A4: Mes y Año | B4: Personal | C4: Hht | D4: Accidentes | E4: Días Caídos | F4: Indice de I | G4: indice de f | H4: Tasa de frecuencia Acumulado año eventos cada millon de horas (YTD) | I4: Tasa de frecuencia Acumulado año eventos cada mil de horas (YTD) | J4: Promedio Mensual de eventos | K4: Cada cuantos dias se espera un evento
A6: 45658 | B6: 0 | C6: =B6*200 -> 0 | D6: 0 | E6: 0 | F6: =D6*1000/B6*12 -> #DIV/0! | G6: =D6*1000000/C6 -> #DIV/0! | H6: =+D7*1000000/C7 -> #DIV/0! | I6: =+H6/1000 -> #DIV/0! | J6: =+AVERAGE($D$6:D7) -> 0 | K6: =+IF(J6=0,"Sin eventos registrados",30/J6) -> Sin eventos registrados
A7: 45689 | B7: 0 | C7: =B7*200 -> 0 | D7: 0 | E7: 0 | F7: =D7*1000/B7*12 -> #DIV/0! | G7: =D7*1000000/C7 -> #DIV/0! | H7: =+SUM($D$6:D8)*1000000/SUM($C$6:C8) -> #DIV/0! | I7: =+H7/1000 -> #DIV/0! | J7: =+AVERAGE($D$6:D8) -> 0 | K7: =+IF(J7=0,"Sin eventos registrados",30/J7) -> Sin eventos registrados
A8: 45717 | B8: 0 | C8: =B8*2000 -> 0 | D8: 0 | E8: 0 | F8: =D8*1000/B8*12 -> #DIV/0! | G8: =D8*1000000/C8 -> #DIV/0! | H8: =+SUM($D$6:D9)*1000000/SUM($C$6:C9) -> #DIV/0! | I8: =+H8/1000 -> #DIV/0! | J8: =+AVERAGE($D$6:D9) -> 0 | K8: =+IF(J8=0,"Sin eventos registrados",30/J8) -> Sin eventos registrados
A9: 45748 | B9: 0 | C9: =B9*2000 -> 0 | D9: 0 | E9: 0 | F9: =D9*1000/B9*12 -> #DIV/0! | G9: =D9*1000000/C9 -> #DIV/0! | H9: =+SUM($D$6:D10)*1000000/SUM($C$6:C10) -> #DIV/0! | I9: =+H9/1000 -> #DIV/0! | J9: =+AVERAGE($D$6:D10) -> 0 | K9: =+IF(J9=0,"Sin eventos registrados",30/J9) -> Sin eventos registrados
A10: 45778 | B10: 0 | C10: =B10*8*22 -> 0 | D10: 0 | E10: 0 | F10: =D10*1000/B10*12 -> #DIV/0! | G10: =D10*1000000/C10 -> #DIV/0! | H10: =+SUM($D$6:D11)*1000000/SUM($C$6:C11) -> #DIV/0! | I10: =+H10/1000 -> #DIV/0! | J10: =+AVERAGE($D$6:D11) -> 0 | K10: =+IF(J10=0,"Sin eventos registrados",30/J10) -> Sin eventos registrados
A11: 45809 | B11: 0 | C11: =B11*8*22 -> 0 | D11: 0 | E11: 0 | F11: =D11*1000/B11 -> #DIV/0! | G11: =D11*1000000/C11 -> #DIV/0! | H11: =+SUM($D$6:D12)*1000000/SUM($C$6:C12) -> #DIV/0! | I11: =+H11/1000 -> #DIV/0! | J11: =+AVERAGE($D$6:D12) -> 0 | K11: =+IF(J11=0,"Sin eventos registrados",30/J11) -> Sin eventos registrados
A12: 45839 | B12: 0 | C12: =B12*8*22 -> 0 | D12: 0 | E12: 0 | F12: =D12*1000/B12*12 -> #DIV/0! | G12: =D12*1000000/C12 -> #DIV/0! | H12: =+SUM($D$6:D13)*1000000/SUM($C$6:C13) -> #DIV/0! | I12: =+H12/1000 -> #DIV/0! | J12: =+AVERAGE($D$6:D13) -> 0 | K12: =+IF(J12=0,"Sin eventos registrados",30/J12) -> Sin eventos registrados
A13: 45870 | B13: 0 | C13: =B13*200 -> 0 | D13: 0 | E13: 0 | F13: =D13*1000/B13*12 -> #DIV/0! | G13: =D13*1000000/C13 -> #DIV/0! | H13: =+SUM($D$6:D14)*1000000/SUM($C$6:C14) -> #DIV/0! | I13: =+H13/1000 -> #DIV/0! | J13: =+AVERAGE($D$6:D14) -> 0 | K13: =+IF(J13=0,"Sin eventos registrados",30/J13) -> Sin eventos registrados
A14: 45901 | B14: 0 | C14: =B14*200 -> 0 | D14: 0 | E14: 0 | F14: =D14*1000/B14*12 -> #DIV/0! | G14: =D14*1000000/C14 -> #DIV/0! | H14: =+SUM($D$6:D15)*1000000/SUM($C$6:C15) -> 0 | I14: =+H14/1000 -> 0 | J14: =+AVERAGE($D$6:D15) -> 0 | K14: =+IF(J14=0,"Sin eventos registrados",30/J14) -> Sin eventos registrados
A15: 45931 | B15: 47 | C15: =B15*200 -> 9400 | D15: 0 | E15: 0 | F15: =D15*1000/B15*12 -> 0 | G15: =D15*1000000/C15 -> 0 | H15: =+SUM($D$6:D16)*1000000/SUM($C$6:C16) -> 42.589438 | I15: =+H15/1000 -> 0.042589438 | J15: =+AVERAGE($D$6:D16) -> 0.090909091 | K15: =+IF(J15=0,"Sin eventos registrados",30/J15) -> 330
A16: 45962 | B16: 80 | C16: =B16*8*22 -> 14080 | D16: 1 | E16: 9 | F16: =D16*1000/B16*12 -> 150 | G16: =D16*1000000/C16 -> 71.022727 | H16: =+SUM($D$6:D17)*1000000/SUM($C$6:C17) -> 27.796309 | I16: =+H16/1000 -> 0.027796309 | J16: =+AVERAGE($D$6:D17) -> 0.083333333 | K16: =+IF(J16=0,"Sin eventos registrados",30/J16) -> 360
A17: 45992 | B17: 71 | C17: =B17*8*22 -> 12496 | D17: 0 | E17: 0 | F17: =D17*1000/B17*12 -> 0 | G17: =D17*1000000/C17 -> 0 | H17: =+SUM($D$6:D18)*1000000/SUM($C$6:C18) -> 27.796309 | I17: =+H17/1000 -> 0.027796309 | J17: =+AVERAGE($D$6:D18) -> 0.083333333 | K17: =+IF(J17=0,"Sin eventos registrados",30/J17) -> 360
A19: Total/Prom | B19: =SUM(B6:B17)/12 -> 16.5 | C19: =SUM(C6:C17) -> 35976 | D19: =SUM(D6:D17) -> 1 | E19: =SUM(E6:E17) -> 9 | F19: =D19*1000/B19 -> 60.606061
A22: Indice de Incidencia = | C22: Trab Siniest x 1.000 | D22: = | E22: =D19*1000/B19 -> 60.606061 | F22: Trabajadores siniestrados por cada 1.000 trabajadores.
C23: Trabajadores exp
A25: Indice de Frecuencia = | C25: Trab Siniest x 1.000.000 | D25: = | E25: =D19*1000000/C19 -> 27.796309 | F25: Trabajadores siniestrados por cada 1.000.000 de hs. trabajadas.
C26: Horas Trabajadas
A28: Indice de Gravedad = | C28: Días Caídos | D28: = | E28: =E19/B19 -> 0.54545455 | F28: Cantidad de días no trabajados por acc., por cada trabajador.
A29: (pérdida) | C29: Trabajadores exp
A31: El cálculo del Indice de Incidencia contempla la modificación impuesta por la Res 475/11 Superintendencia de Riesgos de Trabajo:
E58: Lic. Vidal Fernando

Sheet PK327
C1: INFORME DE SINIESTRALIDAD | F1: 2025
A2: PK 327
C3: Estadísticas de Accidentes | H3: Incorporar a tablero de indicadores | K3: Incorporar a tablero de indicadores
A4: Mes y Año | B4: Personal | C4: Hht | D4: Accidentes | E4: Días Caídos | F4: Indice de I | G4: indice de f | H4: Tasa de frecuencia Acumulado año eventos cada millon de horas (YTD) | I4: Tasa de frecuencia Acumulado año eventos cada mil de horas (YTD) | J4: Promedio Mensual de eventos | K4: Cada cuantos dias se espera un evento
A6: 45658 | B6: 0 | C6: =B6*200 -> 0 | D6: 0 | E6: 0 | F6: =D6*1000/B6*12 -> #DIV/0! | G6: =D6*1000000/C6 -> #DIV/0! | H6: =+D7*1000000/C7 -> #DIV/0! | I6: =+H6/1000 -> #DIV/0! | J6: =+AVERAGE($D$6:D7) -> 0 | K6: =+IF(J6=0,"Sin eventos registrados",30/J6) -> Sin eventos registrados
A7: 45689 | B7: 0 | C7: =B7*200 -> 0 | D7: 0 | E7: 0 | F7: =D7*1000/B7*12 -> #DIV/0! | G7: =D7*1000000/C7 -> #DIV/0! | H7: =+SUM($D$6:D8)*1000000/SUM($C$6:C8) -> #DIV/0! | I7: =+H7/1000 -> #DIV/0! | J7: =+AVERAGE($D$6:D8) -> 0 | K7: =+IF(J7=0,"Sin eventos registrados",30/J7) -> Sin eventos registrados
A8: 45717 | B8: 0 | C8: =B8*2000 -> 0 | D8: 0 | E8: 0 | F8: =D8*1000/B8*12 -> #DIV/0! | G8: =D8*1000000/C8 -> #DIV/0! | H8: =+SUM($D$6:D9)*1000000/SUM($C$6:C9) -> #DIV/0! | I8: =+H8/1000 -> #DIV/0! | J8: =+AVERAGE($D$6:D9) -> 0 | K8: =+IF(J8=0,"Sin eventos registrados",30/J8) -> Sin eventos registrados
A9: 45748 | B9: 0 | C9: =B9*2000 -> 0 | D9: 0 | E9: 0 | F9: =D9*1000/B9*12 -> #DIV/0! | G9: =D9*1000000/C9 -> #DIV/0! | H9: =+SUM($D$6:D10)*1000000/SUM($C$6:C10) -> #DIV/0! | I9: =+H9/1000 -> #DIV/0! | J9: =+AVERAGE($D$6:D10) -> 0 | K9: =+IF(J9=0,"Sin eventos registrados",30/J9) -> Sin eventos registrados
A10: 45778 | B10: 0 | C10: =B10*8*22 -> 0 | D10: 0 | E10: 0 | F10: =D10*1000/B10*12 -> #DIV/0! | G10: =D10*1000000/C10 -> #DIV/0! | H10: =+SUM($D$6:D11)*1000000/SUM($C$6:C11) -> #DIV/0! | I10: =+H10/1000 -> #DIV/0! | J10: =+AVERAGE($D$6:D11) -> 0 | K10: =+IF(J10=0,"Sin eventos registrados",30/J10) -> Sin eventos registrados
A11: 45809 | B11: 0 | C11: =B11*8*22 -> 0 | D11: 0 | E11: 0 | F11: =D11*1000/B11 -> #DIV/0! | G11: =D11*1000000/C11 -> #DIV/0! | H11: =+SUM($D$6:D12)*1000000/SUM($C$6:C12) -> #DIV/0! | I11: =+H11/1000 -> #DIV/0! | J11: =+AVERAGE($D$6:D12) -> 0 | K11: =+IF(J11=0,"Sin eventos registrados",30/J11) -> Sin eventos registrados
A12: 45839 | B12: 0 | C12: =B12*8*22 -> 0 | D12: 0 | E12: 0 | F12: =D12*1000/B12*12 -> #DIV/0! | G12: =D12*1000000/C12 -> #DIV/0! | H12: =+SUM($D$6:D13)*1000000/SUM($C$6:C13) -> #DIV/0! | I12: =+H12/1000 -> #DIV/0! | J12: =+AVERAGE($D$6:D13) -> 0 | K12: =+IF(J12=0,"Sin eventos registrados",30/J12) -> Sin eventos registrados
A13: 45870 | B13: 0 | C13: =B13*200 -> 0 | D13: 0 | E13: 0 | F13: =D13*1000/B13*12 -> #DIV/0! | G13: =D13*1000000/C13 -> #DIV/0! | H13: =+SUM($D$6:D14)*1000000/SUM($C$6:C14) -> 72.463768 | I13: =+H13/1000 -> 0.072463768 | J13: =+AVERAGE($D$6:D14) -> 0.11111111 | K13: =+IF(J13=0,"Sin eventos registrados",30/J13) -> 270
A14: 45901 | B14: 69 | C14: =B14*200 -> 13800 | D14: 1 | E14: 21 | F14: =D14*1000/B14*12 -> 173.91304 | G14: =D14*1000000/C14 -> 72.463768 | H14: =+SUM($D$6:D15)*1000000/SUM($C$6:C15) -> 34.722222 | I14: =+H14/1000 -> 0.034722222 | J14: =+AVERAGE($D$6:D15) -> 0.1 | K14: =+IF(J14=0,"Sin eventos registrados",30/J14) -> 300
A15: 45931 | B15: 75 | C15: =B15*200 -> 15000 | D15: 0 | E15: 0 | F15: =D15*1000/B15*12 -> 0 | G15: =D15*1000000/C15 -> 0 | H15: =+SUM($D$6:D16)*1000000/SUM($C$6:C16) -> 47.02784 | I15: =+H15/1000 -> 0.04702784 | J15: =+AVERAGE($D$6:D16) -> 0.18181818 | K15: =+IF(J15=0,"Sin eventos registrados",30/J15) -> 165
A16: 45962 | B16: 78 | C16: =B16*8*22 -> 13728 | D16: 1 | E16: 6 | F16: =D16*1000/B16*12 -> 153.84615 | G16: =D16*1000000/C16 -> 72.843823 | H16: =+SUM($D$6:D17)*1000000/SUM($C$6:C17) -> 55.228277 | I16: =+H16/1000 -> 0.055228277 | J16: =+AVERAGE($D$6:D17) -> 0.25 | K16: =+IF(J16=0,"Sin eventos registrados",30/J16) -> 120
A17: 45992 | B17: 67 | C17: =B17*8*22 -> 11792 | D17: 1 | E17: 10 | F17: =D17*1000/B17*12 -> 179.10448 | G17: =D17*1000000/C17 -> 84.803256 | H17: =+SUM($D$6:D18)*1000000/SUM($C$6:C18) -> 55.228277 | I17: =+H17/1000 -> 0.055228277 | J17: =+AVERAGE($D$6:D18) -> 0.25 | K17: =+IF(J17=0,"Sin eventos registrados",30/J17) -> 120
A19: Total/Prom | B19: =SUM(B6:B17)/12 -> 24.083333 | C19: =SUM(C6:C17) -> 54320 | D19: =SUM(D6:D17) -> 3 | E19: =SUM(E6:E17) -> 37 | F19: =D19*1000/B19 -> 124.56747
A22: Indice de Incidencia = | C22: Trab Siniest x 1.000 | D22: = | E22: =D19*1000/B19 -> 124.56747 | F22: Trabajadores siniestrados por cada 1.000 trabajadores.
C23: Trabajadores exp
A25: Indice de Frecuencia = | C25: Trab Siniest x 1.000.000 | D25: = | E25: =D19*1000000/C19 -> 55.228277 | F25: Trabajadores siniestrados por cada 1.000.000 de hs. trabajadas.
C26: Horas Trabajadas
A28: Indice de Gravedad = | C28: Días Caídos | D28: = | E28: =E19/B19 -> 1.5363322 | F28: Cantidad de días no trabajados por acc., por cada trabajador.
A29: (pérdida) | C29: Trabajadores exp
A31: El cálculo del Indice de Incidencia contempla la modificación impuesta por la Res 475/11 Superintendencia de Riesgos de Trabajo:
E58: Lic. Vidal Fernando

Sheet UBA
C1: INFORME DE SINIESTRALIDAD | F1: 2025
A2: Ciudad Universitaria
C3: Estadísticas de Accidentes | H3: Incorporar a tablero de indicadores | K3: Incorporar a tablero de indicadores
A4: Mes y Año | B4: Personal | C4: Hht | D4: Accidentes | E4: Días Caídos | F4: Indice de I | G4: indice de f | H4: Tasa de frecuencia Acumulado año eventos cada millon de horas (YTD) | I4: Tasa de frecuencia Acumulado año eventos cada mil de horas (YTD) | J4: Promedio Mensual de eventos | K4: Cada cuantos dias se espera un evento
A6: 45292 | B6: 12 | C6: =B6*200 -> 2400 | D6: 0 | E6: 0 | F6: =D6*1000/B6*12 -> 0 | G6: =D6*1000000/C6 -> 0 | H6: =+D7*1000000/C7 -> 0 | I6: =+H6/1000 -> 0 | J6: =+AVERAGE($D$6:D7) -> 0 | K6: =+IF(J6=0,"Sin eventos registrados",30/J6) -> Sin eventos registrados
A7: 45323 | B7: 12 | C7: =B7*200 -> 2400 | D7: 0 | E7: 0 | F7: =D7*1000/B7*12 -> 0 | G7: =D7*1000000/C7 -> 0 | H7: =+SUM($D$6:D8)*1000000/SUM($C$6:C8) -> 0 | I7: =+H7/1000 -> 0 | J7: =+AVERAGE($D$6:D8) -> 0 | K7: =+IF(J7=0,"Sin eventos registrados",30/J7) -> Sin eventos registrados
A8: 45352 | B8: 15 | C8: =B8*2000 -> 30000 | D8: 0 | E8: 0 | F8: =D8*1000/B8*12 -> 0 | G8: =D8*1000000/C8 -> 0 | H8: =+SUM($D$6:D9)*1000000/SUM($C$6:C9) -> 0 | I8: =+H8/1000 -> 0 | J8: =+AVERAGE($D$6:D9) -> 0 | K8: =+IF(J8=0,"Sin eventos registrados",30/J8) -> Sin eventos registrados
A9: 45383 | B9: 15 | C9: =B9*2000 -> 30000 | D9: 0 | E9: 0 | F9: =D9*1000/B9*12 -> 0 | G9: =D9*1000000/C9 -> 0 | H9: =+SUM($D$6:D10)*1000000/SUM($C$6:C10) -> 0 | I9: =+H9/1000 -> 0 | J9: =+AVERAGE($D$6:D10) -> 0 | K9: =+IF(J9=0,"Sin eventos registrados",30/J9) -> Sin eventos registrados
A10: 45413 | B10: 15 | C10: =B10*8*22 -> 2640 | D10: 0 | E10: 0 | F10: =D10*1000/B10*12 -> 0 | G10: =D10*1000000/C10 -> 0 | H10: =+SUM($D$6:D11)*1000000/SUM($C$6:C11) -> 0 | I10: =+H10/1000 -> 0 | J10: =+AVERAGE($D$6:D11) -> 0 | K10: =+IF(J10=0,"Sin eventos registrados",30/J10) -> Sin eventos registrados
A11: 45444 | B11: 14 | C11: =B11*8*22 -> 2464 | D11: 0 | E11: 0 | F11: =D11*1000/B11 -> 0 | G11: =D11*1000000/C11 -> 0 | H11: =+SUM($D$6:D12)*1000000/SUM($C$6:C12) -> 0 | I11: =+H11/1000 -> 0 | J11: =+AVERAGE($D$6:D12) -> 0 | K11: =+IF(J11=0,"Sin eventos registrados",30/J11) -> Sin eventos registrados
A12: 45474 | B12: 15 | C12: =B12*8*22 -> 2640 | D12: 0 | E12: 0 | F12: =D12*1000/B12*12 -> 0 | G12: =D12*1000000/C12 -> 0 | H12: =+SUM($D$6:D13)*1000000/SUM($C$6:C13) -> 0 | I12: =+H12/1000 -> 0 | J12: =+AVERAGE($D$6:D13) -> 0 | K12: =+IF(J12=0,"Sin eventos registrados",30/J12) -> Sin eventos registrados
A13: 45505 | B13: 16 | C13: =B13*200 -> 3200 | D13: 0 | E13: 0 | F13: =D13*1000/B13*12 -> 0 | G13: =D13*1000000/C13 -> 0 | H13: =+SUM($D$6:D14)*1000000/SUM($C$6:C14) -> 0 | I13: =+H13/1000 -> 0 | J13: =+AVERAGE($D$6:D14) -> 0 | K13: =+IF(J13=0,"Sin eventos registrados",30/J13) -> Sin eventos registrados
A14: 45536 | B14: 14 | C14: =B14*200 -> 2800 | D14: 0 | E14: 0 | F14: =D14*1000/B14*12 -> 0 | G14: =D14*1000000/C14 -> 0 | H14: =+SUM($D$6:D15)*1000000/SUM($C$6:C15) -> 0 | I14: =+H14/1000 -> 0 | J14: =+AVERAGE($D$6:D15) -> 0 | K14: =+IF(J14=0,"Sin eventos registrados",30/J14) -> Sin eventos registrados
A15: 45566 | B15: 5 | C15: =B15*200 -> 1000 | D15: 0 | E15: 0 | F15: =D15*1000/B15*12 -> 0 | G15: =D15*1000000/C15 -> 0 | H15: =+SUM($D$6:D16)*1000000/SUM($C$6:C16) -> 0 | I15: =+H15/1000 -> 0 | J15: =+AVERAGE($D$6:D16) -> 0 | K15: =+IF(J15=0,"Sin eventos registrados",30/J15) -> Sin eventos registrados
A16: 45597 | B16: 5 | C16: =B16*8*22 -> 880 | D16: 0 | E16: 0 | F16: =D16*1000/B16*12 -> 0 | G16: =D16*1000000/C16 -> 0 | H16: =+SUM($D$6:D17)*1000000/SUM($C$6:C17) -> 0 | I16: =+H16/1000 -> 0 | J16: =+AVERAGE($D$6:D17) -> 0 | K16: =+IF(J16=0,"Sin eventos registrados",30/J16) -> Sin eventos registrados
A17: 45627 | B17: 7 | C17: =B17*8*22 -> 1232 | D17: 0 | E17: 0 | F17: =D17*1000/B17*12 -> 0 | G17: =D17*1000000/C17 -> 0 | H17: =+SUM($D$6:D18)*1000000/SUM($C$6:C18) -> 0 | I17: =+H17/1000 -> 0 | J17: =+AVERAGE($D$6:D18) -> 0 | K17: =+IF(J17=0,"Sin eventos registrados",30/J17) -> Sin eventos registrados
A19: Total/Prom | B19: =SUM(B6:B17)/12 -> 12.083333 | C19: =SUM(C6:C17) -> 81656 | D19: =SUM(D6:D17) -> 0 | E19: =SUM(E6:E17) -> 0 | F19: =D19*1000/B19 -> 0
A22: Indice de Incidencia = | C22: Trab Siniest x 1.000 | D22: = | E22: =D19*1000/B19 -> 0 | F22: Trabajadores siniestrados por cada 1.000 trabajadores.
C23: Trabajadores exp
A25: Indice de Frecuencia = | C25: Trab Siniest x 1.000.000 | D25: = | E25: =D19*1000000/C19 -> 0 | F25: Trabajadores siniestrados por cada 1.000.000 de hs. trabajadas.
C26: Horas Trabajadas
A28: Indice de Gravedad = | C28: Días Caídos | D28: = | E28: =E19/B19 -> 0 | F28: Cantidad de días no trabajados por acc., por cada trabajador.
A29: (pérdida) | C29: Trabajadores exp
A31: El cálculo del Indice de Incidencia contempla la modificación impuesta por la Res 475/11 Superintendencia de Riesgos de Trabajo:
E58: Lic. Vidal Fernando

Sheet CABA 
C1: INFORME DE SINIESTRALIDAD | F1: 2025
A2: CABA
C3: Estadísticas de Accidentes | H3: Incorporar a tablero de indicadores | K3: Incorporar a tablero de indicadores
A4: Mes y Año | B4: Personal | C4: Hht | D4: Accidentes | E4: Días Caídos | F4: Indice de I | G4: indice de f | H4: Tasa de frecuencia Acumulado año eventos cada millon de horas (YTD) | I4: Tasa de frecuencia Acumulado año eventos cada mil de horas (YTD) | J4: Promedio Mensual de eventos | K4: Cada cuantos dias se espera un evento
A6: 45658 | B6: 0 | C6: 0 | D6: 0 | E6: 0 | F6: =D6*1000/B6*12 -> #DIV/0! | G6: =D6*1000000/C6 -> #DIV/0! | H6: =+D7*1000000/C7 -> #DIV/0! | I6: =+H6/1000 -> #DIV/0! | J6: =+AVERAGE($D$6:D7) -> 0 | K6: =+IF(J6=0,"Sin eventos registrados",30/J6) -> Sin eventos registrados
A7: 45689 | B7: 0 | C7: 0 | D7: 0 | E7: 0 | F7: =D7*1000/B7*12 -> #DIV/0! | G7: =D7*1000000/C7 -> #DIV/0! | H7: =+SUM($D$6:D8)*1000000/SUM($C$6:C8) -> #DIV/0! | I7: =+H7/1000 -> #DIV/0! | J7: =+AVERAGE($D$6:D8) -> 0 | K7: =+IF(J7=0,"Sin eventos registrados",30/J7) -> Sin eventos registrados
A8: 45717 | B8: 0 | C8: 0 | D8: 0 | E8: 0 | F8: =D8*1000/B8*12 -> #DIV/0! | G8: =D8*1000000/C8 -> #DIV/0! | H8: =+SUM($D$6:D9)*1000000/SUM($C$6:C9) -> #DIV/0! | I8: =+H8/1000 -> #DIV/0! | J8: =+AVERAGE($D$6:D9) -> 0 | K8: =+IF(J8=0,"Sin eventos registrados",30/J8) -> Sin eventos registrados
A9: 45748 | B9: 0 | C9: 0 | D9: 0 | E9: 0 | F9: =D9*1000/B9*12 -> #DIV/0! | G9: =D9*1000000/C9 -> #DIV/0! | H9: =+SUM($D$6:D10)*1000000/SUM($C$6:C10) -> #DIV/0! | I9: =+H9/1000 -> #DIV/0! | J9: =+AVERAGE($D$6:D10) -> 0 | K9: =+IF(J9=0,"Sin eventos registrados",30/J9) -> Sin eventos registrados
A10: 45778 | B10: 0 | C10: 0 | D10: 0 | E10: 0 | F10: =D10*1000/B10 -> #DIV/0! | G10: =D10*1000000/C10 -> #DIV/0! | H10: =+SUM($D$6:D11)*1000000/SUM($C$6:C11) -> #DIV/0! | I10: =+H10/1000 -> #DIV/0! | J10: =+AVERAGE($D$6:D11) -> 0 | K10: =+IF(J10=0,"Sin eventos registrados",30/J10) -> Sin eventos registrados
A11: 45809 | B11: 0 | C11: 0 | D11: 0 | E11: 0 | F11: =D11*1000/B11*12 -> #DIV/0! | G11: =D11*1000000/C11 -> #DIV/0! | H11: =+SUM($D$6:D12)*1000000/SUM($C$6:C12) -> #DIV/0! | I11: =+H11/1000 -> #DIV/0! | J11: =+AVERAGE($D$6:D12) -> 0 | K11: =+IF(J11=0,"Sin eventos registrados",30/J11) -> Sin eventos registrados
A12: 45839 | B12: 0 | C12: 0 | D12: 0 | E12: 10 | F12: =D12*1000/B12*12 -> #DIV/0! | G12: =D12*1000000/C12 -> #DIV/0! | H12: =+SUM($D$6:D13)*1000000/SUM($C$6:C13) -> #DIV/0! | I12: =+H12/1000 -> #DIV/0! | J12: =+AVERAGE($D$6:D13) -> 0 | K12: =+IF(J12=0,"Sin eventos registrados",30/J12) -> Sin eventos registrados
A13: 45870 | B13: 0 | C13: 0 | D13: 0 | E13: 10 | F13: =D13*1000/B13*12 -> #DIV/0! | G13: =D13*1000000/C13 -> #DIV/0! | H13: =+SUM($D$6:D14)*1000000/SUM($C$6:C14) -> #DIV/0! | I13: =+H13/1000 -> #DIV/0! | J13: =+AVERAGE($D$6:D14) -> 0 | K13: =+IF(J13=0,"Sin eventos registrados",30/J13) -> Sin eventos registrados
A14: 45901 | B14: 0 | C14: =B14*8*25 -> 0 | D14: 0 | E14: 0 | F14: =D14*1000/B14*12 -> #DIV/0! | G14: =D14*1000000/C14 -> #DIV/0! | H14: =+SUM($D$6:D15)*1000000/SUM($C$6:C15) -> #DIV/0! | I14: =+H14/1000 -> #DIV/0! | J14: =+AVERAGE($D$6:D15) -> 0 | K14: =+IF(J14=0,"Sin eventos registrados",30/J14) -> Sin eventos registrados
A15: 45931 | B15: 0 | C15: =B15*8*25 -> 0 | D15: 0 | E15: 0 | F15: =D15*1000/B15*12 -> #DIV/0! | G15: =D15*1000000/C15 -> #DIV/0! | H15: =+SUM($D$6:D16)*1000000/SUM($C$6:C16) -> #DIV/0! | I15: =+H15/1000 -> #DIV/0! | J15: =+AVERAGE($D$6:D16) -> 0 | K15: =+IF(J15=0,"Sin eventos registrados",30/J15) -> Sin eventos registrados
A16: 45962 | B16: 0 | C16: =B16*8*25 -> 0 | D16: 0 | E16: 0 | F16: =D16*1000/B16*12 -> #DIV/0! | G16: =D16*1000000/C16 -> #DIV/0! | H16: =+SUM($D$6:D17)*1000000/SUM($C$6:C17) -> #DIV/0! | I16: =+H16/1000 -> #DIV/0! | J16: =+AVERAGE($D$6:D17) -> 0 | K16: =+IF(J16=0,"Sin eventos registrados",30/J16) -> Sin eventos registrados
A17: 45992 | B17: 0 | C17: =B17*8*25 -> 0 | D17: 0 | E17: 0 | F17: =D17*1000/B17*12 -> #DIV/0! | G17: =D17*1000000/C17 -> #DIV/0! | H17: =+SUM($D$6:D18)*1000000/SUM($C$6:C18) -> #DIV/0! | I17: =+H17/1000 -> #DIV/0! | J17: =+AVERAGE($D$6:D18) -> 0 | K17: =+IF(J17=0,"Sin eventos registrados",30/J17) -> Sin eventos registrados
A19: Total/Prom | B19: =SUM(B6:B17)/7 -> 0 | C19: =SUM(C6:C17) -> 0 | D19: =SUM(D6:D17) -> 0 | E19: =SUM(E6:E17) -> 20 | F19: =D19*1000/B19 -> #DIV/0!
A22: Indice de Incidencia = | C22: Trab Siniest x 1.000 | D22: = | E22: =D19*1000/B19 -> #DIV/0! | F22: Trabajadores siniestrados por cada 1.000 trabajadores.
C23: Trabajadores exp
A25: Indice de Frecuencia = | C25: Trab Siniest x 1.000.000 | D25: = | E25: =D19*1000000/C19 -> #DIV/0! | F25: Trabajadores siniestrados por cada 1.000.000 de hs. trabajadas.
C26: Horas Trabajadas
A28: Indice de Gravedad = | C28: Días Caídos | D28: = | E28: =E19/B19 -> #DIV/0! | F28: Cantidad de días no trabajados por acc., por cada trabajador.
A29: (pérdida) | C29: Trabajadores exp
A31: El cálculo del Indice de Incidencia contempla la modificación impuesta por la Res 475/11 Superintendencia de Riesgos de Trabajo:
E58: Lic. Vidal Fernando

Sheet Olavarria
C1: INFORME DE SINIESTRALIDAD | F1: 2025
A2: Represa
C3: Estadísticas de Accidentes | H3: Incorporar a tablero de indicadores | K3: Incorporar a tablero de indicadores
A4: Mes y Año | B4: Personal | C4: Hht | D4: Accidentes | E4: Días Caídos | F4: Indice de I | G4: indice de f | H4: Tasa de frecuencia Acumulado año eventos cada millon de horas (YTD) | I4: Tasa de frecuencia Acumulado año eventos cada mil de horas (YTD) | J4: Promedio Mensual de eventos | K4: Cada cuantos dias se espera un evento
A6: 45658 | B6: 5 | C6: =B6*200 -> 1000 | D6: 0 | E6: 0 | F6: =D6*1000/B6*12 -> 0 | G6: =D6*1000000/C6 -> 0 | H6: =+SUM($D$6:D7)*1000000/SUM($C$6:C7) -> 0 | I6: =+H6/1000 -> 0 | J6: =+AVERAGE($D$6:D7) -> 0 | K6: =+IF(J6=0,"Sin eventos registrados",30/J6) -> Sin eventos registrados
A7: 45689 | B7: 5 | C7: =B7*200 -> 1000 | D7: 0 | E7: 0 | F7: =D7*1000/B7*12 -> 0 | G7: =D7*1000000/C7 -> 0 | H7: =+SUM($D$6:D8)*1000000/SUM($C$6:C8) -> 0 | I7: =+H7/1000 -> 0 | J7: =+AVERAGE($D$6:D8) -> 0 | K7: =+IF(J7=0,"Sin eventos registrados",30/J7) -> Sin eventos registrados
A8: 45717 | B8: 0 | C8: =200*B8 -> 0 | D8: 0 | E8: 0 | F8: =D8*1000/B8*12 -> #DIV/0! | G8: =D8*1000000/C8 -> #DIV/0! | H8: =+SUM($D$6:D9)*1000000/SUM($C$6:C9) -> 0 | I8: =+H8/1000 -> 0 | J8: =+AVERAGE($D$6:D9) -> 0 | K8: =+IF(J8=0,"Sin eventos registrados",30/J8) -> Sin eventos registrados
A9: 45748 | B9: 0 | C9: =B9*8*22 -> 0 | D9: 0 | E9: 0 | F9: =D9*1000/B9*12 -> #DIV/0! | G9: =D9*1000000/C9 -> #DIV/0! | H9: =+SUM($D$6:D10)*1000000/SUM($C$6:C10) -> 0 | I9: =+H9/1000 -> 0 | J9: =+AVERAGE($D$6:D10) -> 0 | K9: =+IF(J9=0,"Sin eventos registrados",30/J9) -> Sin eventos registrados
A10: 45778 | B10: 0 | C10: 0 | D10: 0 | E10: 0 | F10: =D10*1000/B10*12 -> #DIV/0! | G10: =D10*1000000/C10 -> #DIV/0! | H10: =+SUM($D$6:D11)*1000000/SUM($C$6:C11) -> 0 | I10: =+H10/1000 -> 0 | J10: =+AVERAGE($D$6:D11) -> 0 | K10: =+IF(J10=0,"Sin eventos registrados",30/J10) -> Sin eventos registrados
A11: 45809 | B11: 0 | C11: 0 | D11: 0 | E11: 0 | F11: =D11*1000/B11 -> #DIV/0! | G11: =D11*1000000/C11 -> #DIV/0! | H11: =+SUM($D$6:D12)*1000000/SUM($C$6:C12) -> 0 | I11: =+H11/1000 -> 0 | J11: =+AVERAGE($D$6:D12) -> 0 | K11: =+IF(J11=0,"Sin eventos registrados",30/J11) -> Sin eventos registrados
A12: 45839 | B12: 0 | C12: =B12*200 -> 0 | D12: 0 | E12: 0 | F12: =D12*1000/B12*12 -> #DIV/0! | G12: =D12*1000000/C12 -> #DIV/0! | H12: =+SUM($D$6:D13)*1000000/SUM($C$6:C13) -> 0 | I12: =+H12/1000 -> 0 | J12: =+AVERAGE($D$6:D13) -> 0 | K12: =+IF(J12=0,"Sin eventos registrados",30/J12) -> Sin eventos registrados
A13: 45870 | B13: 0 | C13: =B13*8*22 -> 0 | D13: 0 | E13: 0 | F13: =D13*1000/B13*12 -> #DIV/0! | G13: =D13*1000000/C13 -> #DIV/0! | H13: =+SUM($D$6:D14)*1000000/SUM($C$6:C14) -> 0 | I13: =+H13/1000 -> 0 | J13: =+AVERAGE($D$6:D14) -> 0 | K13: =+IF(J13=0,"Sin eventos registrados",30/J13) -> Sin eventos registrados
A14: 45901 | B14: 0 | C14: =B14*8*22 -> 0 | D14: 0 | E14: 0 | F14: =D14*1000/B14*12 -> #DIV/0! | G14: =D14*1000000/C14 -> #DIV/0! | H14: =+SUM($D$6:D15)*1000000/SUM($C$6:C15) -> 0 | I14: =+H14/1000 -> 0 | J14: =+AVERAGE($D$6:D15) -> 0 | K14: =+IF(J14=0,"Sin eventos registrados",30/J14) -> Sin eventos registrados
A15: 45931 | B15: 0 | C15: =B15*8*22 -> 0 | D15: 0 | E15: 0 | F15: =D15*1000/B15*12 -> #DIV/0! | G15: =D15*1000000/C15 -> #DIV/0! | H15: =+SUM($D$6:D16)*1000000/SUM($C$6:C16) -> 0 | I15: =+H15/1000 -> 0 | J15: =+AVERAGE($D$6:D16) -> 0 | K15: =+IF(J15=0,"Sin eventos registrados",30/J15) -> Sin eventos registrados
A16: 45962 | B16: 0 | C16: =B16*8*22 -> 0 | D16: 0 | E16: 0 | F16: =D16*1000/B16*12 -> #DIV/0! | G16: =D16*1000000/C16 -> #DIV/0! | H16: =+SUM($D$6:D17)*1000000/SUM($C$6:C17) -> 0 | I16: =+H16/1000 -> 0 | J16: =+AVERAGE($D$6:D17) -> 0 | K16: =+IF(J16=0,"Sin eventos registrados",30/J16) -> Sin eventos registrados
A17: 45992 | B17: 0 | C17: =B17*8*22 -> 0 | D17: 0 | E17: 0 | F17: =D17*1000/B17*12 -> #DIV/0! | G17: =D17*1000000/C17 -> #DIV/0! | H17: =+SUM($D$6:D18)*1000000/SUM($C$6:C18) -> 0 | I17: =+H17/1000 -> 0 | J17: =+AVERAGE($D$6:D18) -> 0 | K17: =+IF(J17=0,"Sin eventos registrados",30/J17) -> Sin eventos registrados
B18: 0
A19: Total/Prom | B19: =SUM(B6:B17)/12 -> 0.83333333 | C19: =SUM(C6:C17) -> 2000 | D19: =SUM(D6:D17) -> 0 | E19: =SUM(E6:E17) -> 0 | F19: =D19*1000/B19 -> 0
A22: Indice de Incidencia = | C22: Trab Siniest x 1.000 | D22: = | E22: =D19*1000/B19 -> 0 | F22: Trabajadores siniestrados por cada 1.000 trabajadores.
C23: Trabajadores exp
A25: Indice de Frecuencia = | C25: Trab Siniest x 1.000.000 | D25: = | E25: =D19*1000000/C19 -> 0 | F25: Trabajadores siniestrados por cada 1.000.000 de hs. trabajadas.
C26: Horas Trabajadas
A28: Indice de Gravedad = | C28: Días Caídos | D28: = | E28: =E19/B19 -> 0 | F28: Cantidad de días no trabajados por acc., por cada trabajador.
A29: (pérdida) | C29: Trabajadores exp
A31: El cálculo del Indice de Incidencia contempla la modificación impuesta por la Res 475/11 Superintendencia de Riesgos de Trabajo:
E58: Lic. Vidal Fernando

Sheet Rio Colorado
C1: INFORME DE SINIESTRALIDAD | F1: 2025
A2: Rio Colorado
C3: Estadísticas de Accidentes | H3: Incorporar a tablero de indicadores | K3: Incorporar a tablero de indicadores
A4: Mes y Año | B4: Personal | C4: Hht | D4: Accidentes | E4: Días Caídos | F4: Indice de I | G4: indice de f | H4: Tasa de frecuencia Acumulado año eventos cada millon de horas (YTD) | I4: Tasa de frecuencia Acumulado año eventos cada mil de horas (YTD) | J4: Promedio Mensual de eventos | K4: Cada cuantos dias se espera un evento
A6: 45658 | B6: 5 | C6: 200 | D6: 0 | E6: 0 | F6: =D6*1000/B6*12 -> 0 | G6: =D6*1000000/C6 -> 0 | H6: =+D7*1000000/C7 -> 0 | I6: =+H6/1000 -> 0 | J6: =+AVERAGE($D$6:D7) -> 0 | K6: =+IF(J6=0,"Sin eventos registrados",30/J6) -> Sin eventos registrados
A7: 45689 | B7: 5 | C7: 200 | D7: 0 | E7: 0 | F7: =D7*1000/B7*12 -> 0 | G7: =D7*1000000/C7 -> 0 | H7: =+SUM($D$6:D8)*1000000/SUM($C$6:C8) -> 0 | I7: =+H7/1000 -> 0 | J7: =+AVERAGE($D$6:D8) -> 0 | K7: =+IF(J7=0,"Sin eventos registrados",30/J7) -> Sin eventos registrados
A8: 45717 | B8: 0 | C8: =B8*200 -> 0 | D8: 0 | E8: 0 | F8: =D8*1000/B8*12 -> #DIV/0! | G8: =D8*1000000/C8 -> #DIV/0! | H8: =+SUM($D$6:D9)*1000000/SUM($C$6:C9) -> 0 | I8: =+H8/1000 -> 0 | J8: =+AVERAGE($D$6:D9) -> 0 | K8: =+IF(J8=0,"Sin eventos registrados",30/J8) -> Sin eventos registrados
A9: 45748 | B9: 0 | C9: =B9*8*22 -> 0 | D9: 0 | E9: 0 | F9: =D9*1000/B9*12 -> #DIV/0! | G9: =D9*1000000/C9 -> #DIV/0! | H9: =+SUM($D$6:D10)*1000000/SUM($C$6:C10) -> 0 | I9: =+H9/1000 -> 0 | J9: =+AVERAGE($D$6:D10) -> 0 | K9: =+IF(J9=0,"Sin eventos registrados",30/J9) -> Sin eventos registrados
A10: 45778 | B10: 0 | C10: =B10*8*22 -> 0 | D10: 0 | E10: 0 | F10: =D10*1000/B10*12 -> #DIV/0! | G10: =D10*1000000/C10 -> #DIV/0! | H10: =+SUM($D$6:D11)*1000000/SUM($C$6:C11) -> 0 | I10: =+H10/1000 -> 0 | J10: =+AVERAGE($D$6:D11) -> 0 | K10: =+IF(J10=0,"Sin eventos registrados",30/J10) -> Sin eventos registrados
A11: 45809 | B11: 0 | C11: =B11*8*22 -> 0 | D11: 0 | E11: 0 | F11: =D11*1000/B11 -> #DIV/0! | G11: =D11*1000000/C11 -> #DIV/0! | H11: =+SUM($D$6:D12)*1000000/SUM($C$6:C12) -> 0 | I11: =+H11/1000 -> 0 | J11: =+AVERAGE($D$6:D12) -> 0 | K11: =+IF(J11=0,"Sin eventos registrados",30/J11) -> Sin eventos registrados
A12: 45839 | B12: 0 | C12: =B12*200 -> 0 | D12: 0 | E12: 0 | F12: =D12*1000/B12*12 -> #DIV/0! | G12: =D12*1000000/C12 -> #DIV/0! | H12: =+SUM($D$6:D13)*1000000/SUM($C$6:C13) -> 0 | I12: =+H12/1000 -> 0 | J12: =+AVERAGE($D$6:D13) -> 0 | K12: =+IF(J12=0,"Sin eventos registrados",30/J12) -> Sin eventos registrados
A13: 45870 | B13: 0 | C13: =B13*8*22 -> 0 | D13: 0 | E13: 0 | F13: =D13*1000/B13*12 -> #DIV/0! | G13: =D13*1000000/C13 -> #DIV/0! | H13: =+SUM($D$6:D14)*1000000/SUM($C$6:C14) -> 0 | I13: =+H13/1000 -> 0 | J13: =+AVERAGE($D$6:D14) -> 0 | K13: =+IF(J13=0,"Sin eventos registrados",30/J13) -> Sin eventos registrados
A14: 45901 | B14: 0 | C14: =B14*8*22 -> 0 | D14: 0 | E14: 0 | F14: =D14*1000/B14*12 -> #DIV/0! | G14: =D14*1000000/C14 -> #DIV/0! | H14: =+SUM($D$6:D15)*1000000/SUM($C$6:C15) -> 0 | I14: =+H14/1000 -> 0 | J14: =+AVERAGE($D$6:D15) -> 0 | K14: =+IF(J14=0,"Sin eventos registrados",30/J14) -> Sin eventos registrados
A15: 45931 | B15: 0 | C15: =B15*8*22 -> 0 | D15: 0 | E15: 0 | F15: =D15*1000/B15*12 -> #DIV/0! | G15: =D15*1000000/C15 -> #DIV/0! | H15: =+SUM($D$6:D16)*1000000/SUM($C$6:C16) -> 0 | I15: =+H15/1000 -> 0 | J15: =+AVERAGE($D$6:D16) -> 0 | K15: =+IF(J15=0,"Sin eventos registrados",30/J15) -> Sin eventos registrados
A16: 45962 | B16: 0 | C16: =B16*8*22 -> 0 | D16: 0 | E16: 0 | F16: =D16*1000/B16*12 -> #DIV/0! | G16: =D16*1000000/C16 -> #DIV/0! | H16: =+SUM($D$6:D17)*1000000/SUM($C$6:C17) -> 0 | I16: =+H16/1000 -> 0 | J16: =+AVERAGE($D$6:D17) -> 0 | K16: =+IF(J16=0,"Sin eventos registrados",30/J16) -> Sin eventos registrados
A17: 45992 | B17: 0 | C17: =B17*200 -> 0 | D17: 0 | E17: 0 | F17: =D17*1000/B17*12 -> #DIV/0! | G17: =D17*1000000/C17 -> #DIV/0! | H17: =+SUM($D$6:D18)*1000000/SUM($C$6:C18) -> 0 | I17: =+H17/1000 -> 0 | J17: =+AVERAGE($D$6:D18) -> 0 | K17: =+IF(J17=0,"Sin eventos registrados",30/J17) -> Sin eventos registrados
B18: 0
A19: Total/Prom | B19: =SUM(B6:B17)/12 -> 0.83333333 | C19: =SUM(C6:C17) -> 400 | D19: =SUM(D6:D17) -> 0 | E19: =SUM(E6:E17) -> 0 | F19: =D19*1000/B19 -> 0
A22: Indice de Incidencia = | C22: Trab Siniest x 1.000 | D22: = | E22: =D19*1000/B19 -> 0 | F22: Trabajadores siniestrados por cada 1.000 trabajadores.
C23: Trabajadores exp
A25: Indice de Frecuencia = | C25: Trab Siniest x 1.000.000 | D25: = | E25: =D19*1000000/C19 -> 0 | F25: Trabajadores siniestrados por cada 1.000.000 de hs. trabajadas.
C26: Horas Trabajadas
A28: Indice de Gravedad = | C28: Días Caídos | D28: = | E28: =E19/B19 -> 0 | F28: Cantidad de días no trabajados por acc., por cada trabajador.
A29: (pérdida) | C29: Trabajadores exp
A31: El cálculo del Indice de Incidencia contempla la modificación impuesta por la Res 475/11 Superintendencia de Riesgos de Trabajo:
E58: Lic. Vidal Fernando

Sheet POBA
C1: INFORME DE SINIESTRALIDAD | F1: 2024
A2: POBA
C3: Estadísticas de Accidentes | H3: Incorporar a tablero de indicadores | K3: Incorporar a tablero de indicadores
A4: Mes y Año | B4: Personal | C4: Hht | D4: Accidentes | E4: Días Caídos | F4: Indice de I | G4: indice de f | H4: Tasa de frecuencia Acumulado año eventos cada millon de horas (YTD) | I4: Tasa de frecuencia Acumulado año eventos cada mil de horas (YTD) | J4: Promedio Mensual de eventos | K4: Cada cuantos dias se espera un evento
A6: 45292 | B6: 20 | C6: 4176 | D6: 1 | E6: 9 | F6: =D6*1000/B6*12 -> 600 | G6: =D6*1000000/C6 -> 239.4636 | H6: =+D7*1000000/C7 -> 0 | I6: =+H6/1000 -> 0 | J6: =+AVERAGE($D$6:D7) -> 0.5 | K6: =+IF(J6=0,"Sin eventos registrados",30/J6) -> 60
A7: 45323 | B7: 21 | C7: 4384 | D7: 0 | E7: 0 | F7: =D7*1000/B7*12 -> 0 | G7: =D7*1000000/C7 -> 0 | H7: =+SUM($D$6:D8)*1000000/SUM($C$6:C8) -> 76.923077 | I7: =+H7/1000 -> 0.076923077 | J7: =+AVERAGE($D$6:D8) -> 0.33333333 | K7: =+IF(J7=0,"Sin eventos registrados",30/J7) -> 90
A8: 45352 | B8: 20 | C8: 4440 | D8: 0 | E8: 0 | F8: =D8*1000/B8*12 -> 0 | G8: =D8*1000000/C8 -> 0 | H8: =+SUM($D$6:D9)*1000000/SUM($C$6:C9) -> 56.458898 | I8: =+H8/1000 -> 0.056458898 | J8: =+AVERAGE($D$6:D9) -> 0.25 | K8: =+IF(J8=0,"Sin eventos registrados",30/J8) -> 120
A9: 45383 | B9: 20 | C9: 4712 | D9: 0 | E9: 0 | F9: =D9*1000/B9*12 -> 0 | G9: =D9*1000000/C9 -> 0 | H9: =+SUM($D$6:D10)*1000000/SUM($C$6:C10) -> 56.458898 | I9: =+H9/1000 -> 0.056458898 | J9: =+AVERAGE($D$6:D10) -> 0.2 | K9: =+IF(J9=0,"Sin eventos registrados",30/J9) -> 150
A10: 45413 | B10: 0 | C10: =B10*8*22 -> 0 | D10: 0 | E10: 0 | F10: =D10*1000/B10*12 -> #DIV/0! | G10: =D10*1000000/C10 -> #DIV/0! | H10: =+SUM($D$6:D11)*1000000/SUM($C$6:C11) -> 56.458898 | I10: =+H10/1000 -> 0.056458898 | J10: =+AVERAGE($D$6:D11) -> 0.16666667 | K10: =+IF(J10=0,"Sin eventos registrados",30/J10) -> 180
A11: 45444 | B11: 0 | C11: =B11*8*22 -> 0 | D11: 0 | E11: 0 | F11: =D11*1000/B11*12 -> #DIV/0! | G11: =D11*1000000/C11 -> #DIV/0! | H11: =+SUM($D$6:D12)*1000000/SUM($C$6:C12) -> 56.458898 | I11: =+H11/1000 -> 0.056458898 | J11: =+AVERAGE($D$6:D12) -> 0.14285714 | K11: =+IF(J11=0,"Sin eventos registrados",30/J11) -> 210
A12: 45474 | B12: 0 | C12: =B12*8*22 -> 0 | D12: 0 | E12: 0 | F12: =D12*1000/B12 -> #DIV/0! | G12: =D12*1000000/C12 -> #DIV/0! | H12: =+SUM($D$6:D13)*1000000/SUM($C$6:C13) -> 56.458898 | I12: =+H12/1000 -> 0.056458898 | J12: =+AVERAGE($D$6:D13) -> 0.125 | K12: =+IF(J12=0,"Sin eventos registrados",30/J12) -> 240
A13: 45505 | B13: 0 | C13: =B13*8*22 -> 0 | D13: 0 | E13: 0 | F13: =D13*1000/B13*12 -> #DIV/0! | G13: =D13*1000000/C13 -> #DIV/0! | H13: =+SUM($D$6:D14)*1000000/SUM($C$6:C14) -> 56.458898 | I13: =+H13/1000 -> 0.056458898 | J13: =+AVERAGE($D$6:D14) -> 0.11111111 | K13: =+IF(J13=0,"Sin eventos registrados",30/J13) -> 270
A14: 45536 | B14: 0 | C14: =B14*8*22 -> 0 | D14: 0 | E14: 0 | F14: =D14*1000/B14*12 -> #DIV/0! | G14: =D14*1000000/C14 -> #DIV/0! | H14: =+SUM($D$6:D15)*1000000/SUM($C$6:C15) -> 56.458898 | I14: =+H14/1000 -> 0.056458898 | J14: =+AVERAGE($D$6:D15) -> 0.1 | K14: =+IF(J14=0,"Sin eventos registrados",30/J14) -> 300
A15: 45566 | B15: 0 | C15: =B15*8*22 -> 0 | D15: 0 | E15: 0 | F15: =D15*1000/B15*12 -> #DIV/0! | G15: =D15*1000000/C15 -> #DIV/0! | H15: =+SUM($D$6:D16)*1000000/SUM($C$6:C16) -> 56.458898 | I15: =+H15/1000 -> 0.056458898 | J15: =+AVERAGE($D$6:D16) -> 0.090909091 | K15: =+IF(J15=0,"Sin eventos registrados",30/J15) -> 330
A16: 45597 | B16: 0 | C16: =B16*8*22 -> 0 | D16: 0 | E16: 0 | F16: =D16*1000/B16*12 -> #DIV/0! | G16: =D16*1000000/C16 -> #DIV/0! | H16: =+SUM($D$6:D17)*1000000/SUM($C$6:C17) -> 56.458898 | I16: =+H16/1000 -> 0.056458898 | J16: =+AVERAGE($D$6:D17) -> 0.083333333 | K16: =+IF(J16=0,"Sin eventos registrados",30/J16) -> 360
A17: 45627 | B17: 0 | C17: =B17*8*22 -> 0 | D17: 0 | E17: 0 | F17: =D17*1000/B17*12 -> #DIV/0! | G17: =D17*1000000/C17 -> #DIV/0! | H17: =+SUM($D$6:D18)*1000000/SUM($C$6:C18) -> 56.458898 | I17: =+H17/1000 -> 0.056458898 | J17: =+AVERAGE($D$6:D18) -> 0.083333333 | K17: =+IF(J17=0,"Sin eventos registrados",30/J17) -> 360
A19: Total/Prom | B19: =SUM(B6:B17)/12 -> 6.75 | C19: =SUM(C6:C17) -> 17712 | D19: =SUM(D6:D17) -> 1 | E19: =SUM(E6:E17) -> 9 | F19: =D19*1000/B19 -> 148.14815
A22: Indice de Incidencia = | C22: Trab Siniest x 1.000 | D22: = | E22: =D19*1000/B19 -> 148.14815 | F22: Trabajadores siniestrados por cada 1.000 trabajadores.
C23: Trabajadores exp
A25: Indice de Frecuencia = | C25: Trab Siniest x 1.000.000 | D25: = | E25: =D19*1000000/C19 -> 56.458898 | F25: Trabajadores siniestrados por cada 1.000.000 de hs. trabajadas.
C26: Horas Trabajadas
A28: Indice de Gravedad = | C28: Días Caídos | D28: = | E28: =E19/B19 -> 1.3333333 | F28: Cantidad de días no trabajados por acc., por cada trabajador.
A29: (pérdida) | C29: Trabajadores exp
A31: El cálculo del Indice de Incidencia contempla la modificación impuesta por la Res 475/11 Superintendencia de Riesgos de Trabajo:
F58: Lic. Vidal Fernando

Sheet San Luis - Villa Mercedes
C1: INFORME DE SINIESTRALIDAD | F1: 2024
A2: San Luis
C3: Estadísticas de Accidentes | H3: Incorporar a tablero de indicadores | K3: Incorporar a tablero de indicadores
A4: Mes y Año | B4: Personal | C4: Hht | D4: Accidentes | E4: Días Caídos | F4: Indice de I | G4: indice de f | H4: Tasa de frecuencia Acumulado año eventos cada millon de horas (YTD) | I4: Tasa de frecuencia Acumulado año eventos cada mil de horas (YTD) | J4: Promedio Mensual de eventos | K4: Cada cuantos dias se espera un evento
A6: 45292 | B6: 13 | C6: 2398 | D6: 1 | E6: 4 | F6: =D6*1000/B6*12 -> 923.07692 | G6: =D6*1000000/C6 -> 417.01418 | H6: =+D7*1000000/C7 -> 0 | I6: =+H6/1000 -> 0 | J6: =+AVERAGE($D$6:D7) -> 0.5 | K6: =+IF(J6=0,"Sin eventos registrados",30/J6) -> 60
A7: 45323 | B7: 13 | C7: 2696 | D7: 0 | E7: 2 | F7: =D7*1000/B7*12 -> 0 | G7: =D7*1000000/C7 -> 0 | H7: =+SUM($D$6:D8)*1000000/SUM($C$6:C8) -> 135.46464 | I7: =+H7/1000 -> 0.13546464 | J7: =+AVERAGE($D$6:D8) -> 0.33333333 | K7: =+IF(J7=0,"Sin eventos registrados",30/J7) -> 90
A8: 45352 | B8: 13 | C8: =B8*22*8 -> 2288 | D8: 0 | E8: 0 | F8: =D8*1000/B8*12 -> 0 | G8: =D8*1000000/C8 -> 0 | H8: =+SUM($D$6:D9)*1000000/SUM($C$6:C9) -> 105.32968 | I8: =+H8/1000 -> 0.10532968 | J8: =+AVERAGE($D$6:D9) -> 0.25 | K8: =+IF(J8=0,"Sin eventos registrados",30/J8) -> 120
A9: 45383 | B9: 12 | C9: =B9*22*8 -> 2112 | D9: 0 | E9: 0 | F9: =D9*1000/B9*12 -> 0 | G9: =D9*1000000/C9 -> 0 | H9: =+SUM($D$6:D10)*1000000/SUM($C$6:C10) -> 80.866893 | I9: =+H9/1000 -> 0.080866893 | J9: =+AVERAGE($D$6:D10) -> 0.2 | K9: =+IF(J9=0,"Sin eventos registrados",30/J9) -> 150
A10: 45413 | B10: 12 | C10: 2872 | D10: 0 | E10: 5 | F10: =D10*1000/B10 -> 0 | G10: =D10*1000000/C10 -> 0 | H10: =+SUM($D$6:D11)*1000000/SUM($C$6:C11) -> 65.763514 | I10: =+H10/1000 -> 0.065763514 | J10: =+AVERAGE($D$6:D11) -> 0.16666667 | K10: =+IF(J10=0,"Sin eventos registrados",30/J10) -> 180
A11: 45444 | B11: 12 | C11: 2840 | D11: 0 | E11: 0 | F11: =D11*1000/B11*12 -> 0 | G11: =D11*1000000/C11 -> 0 | H11: =+SUM($D$6:D12)*1000000/SUM($C$6:C12) -> 55.8098 | I11: =+H11/1000 -> 0.0558098 | J11: =+AVERAGE($D$6:D12) -> 0.14285714 | K11: =+IF(J11=0,"Sin eventos registrados",30/J11) -> 210
A12: 45474 | B12: 12 | C12: 2712 | D12: 0 | E12: 0 | F12: =D12*1000/B12*12 -> 0 | G12: =D12*1000000/C12 -> 0 | H12: =+SUM($D$6:D13)*1000000/SUM($C$6:C13) -> 49.925112 | I12: =+H12/1000 -> 0.049925112 | J12: =+AVERAGE($D$6:D13) -> 0.125 | K12: =+IF(J12=0,"Sin eventos registrados",30/J12) -> 240
A13: 45505 | B13: 12 | C13: =B13*22*8 -> 2112 | D13: 0 | E13: 0 | F13: =D13*1000/B13*12 -> 0 | G13: =D13*1000000/C13 -> 0 | H13: =+SUM($D$6:D14)*1000000/SUM($C$6:C14) -> 45.163039 | I13: =+H13/1000 -> 0.045163039 | J13: =+AVERAGE($D$6:D14) -> 0.11111111 | K13: =+IF(J13=0,"Sin eventos registrados",30/J13) -> 270
A14: 45536 | B14: 12 | C14: =B14*22*8 -> 2112 | D14: 0 | E14: 0 | F14: =D14*1000/B14*12 -> 0 | G14: =D14*1000000/C14 -> 0 | H14: =+SUM($D$6:D15)*1000000/SUM($C$6:C15) -> 41.230313 | I14: =+H14/1000 -> 0.041230313 | J14: =+AVERAGE($D$6:D15) -> 0.1 | K14: =+IF(J14=0,"Sin eventos registrados",30/J14) -> 300
A15: 45200 | B15: 12 | C15: =B15*22*8 -> 2112 | D15: 0 | E15: 0 | F15: =D15*1000/B15*12 -> 0 | G15: =D15*1000000/C15 -> 0 | H15: =+SUM($D$6:D16)*1000000/SUM($C$6:C16) -> 37.927634 | I15: =+H15/1000 -> 0.037927634 | J15: =+AVERAGE($D$6:D16) -> 0.090909091 | K15: =+IF(J15=0,"Sin eventos registrados",30/J15) -> 330
A16: 45231 | B16: 12 | C16: =B16*22*8 -> 2112 | D16: 0 | E16: 0 | F16: =D16*1000/B16*12 -> 0 | G16: =D16*1000000/C16 -> 0 | H16: =+SUM($D$6:D17)*1000000/SUM($C$6:C17) -> 35.114825 | I16: =+H16/1000 -> 0.035114825 | J16: =+AVERAGE($D$6:D17) -> 0.083333333 | K16: =+IF(J16=0,"Sin eventos registrados",30/J16) -> 360
A17: 45261 | B17: 12 | C17: =B17*22*8 -> 2112 | D17: 0 | E17: 0 | F17: =D17*1000/B17*12 -> 0 | G17: =D17*1000000/C17 -> 0 | H17: =+SUM($D$6:D18)*1000000/SUM($C$6:C18) -> 35.114825 | I17: =+H17/1000 -> 0.035114825 | J17: =+AVERAGE($D$6:D18) -> 0.083333333 | K17: =+IF(J17=0,"Sin eventos registrados",30/J17) -> 360
A19: Total/Prom | B19: =SUM(B6:B17)/12 -> 12.25 | C19: =SUM(C6:C17) -> 28478 | D19: =SUM(D6:D17) -> 1 | E19: =SUM(E6:E17) -> 11 | F19: =D19*1000/B19 -> 81.632653
A22: Indice de Incidencia = | C22: Trab Siniest x 1.000 | D22: = | E22: =D19*1000/B19 -> 81.632653 | F22: Trabajadores siniestrados por cada 1.000 trabajadores.
C23: Trabajadores exp
A25: Indice de Frecuencia = | C25: Trab Siniest x 1.000.000 | D25: = | E25: =D19*1000000/C19 -> 35.114825 | F25: Trabajadores siniestrados por cada 1.000.000 de hs. trabajadas.
C26: Horas Trabajadas
A28: Indice de Gravedad = | C28: Días Caídos | D28: = | E28: =E19/B19 -> 0.89795918 | F28: Cantidad de días no trabajados por acc., por cada trabajador.
A29: (pérdida) | C29: Trabajadores exp
A31: El cálculo del Indice de Incidencia contempla la modificación impuesta por la Res 475/11 Superintendencia de Riesgos de Trabajo:
E58: Lic. Vidal Fernando

Sheet Cordoba 2024
C1: INFORME DE SINIESTRALIDAD | F1: 2024
A2: Cordoba
C3: Estadísticas de Accidentes | H3: Incorporar a tablero de indicadores | K3: Incorporar a tablero de indicadores
A4: Mes y Año | B4: Personal | C4: Hht | D4: Accidentes | E4: Días Caídos | F4: Indice de I | G4: indice de f | H4: Tasa de frecuencia Acumulado año eventos cada millon de horas (YTD) | I4: Tasa de frecuencia Acumulado año eventos cada mil de horas (YTD) | J4: Promedio Mensual de eventos | K4: Cada cuantos dias se espera un evento
A6: 45292 | B6: 0 | C6: 0 | D6: 0 | E6: 0 | F6: =D6*1000/B6*12 -> #DIV/0! | G6: =D6*1000000/C6 -> #DIV/0! | H6: =+D7*1000000/C7 -> #DIV/0! | I6: =+H6/1000 -> #DIV/0! | J6: =+AVERAGE($D$6:D7) -> 0 | K6: =+IF(J6=0,"Sin eventos registrados",30/J6) -> Sin eventos registrados
A7: 45323 | B7: 0 | C7: 0 | D7: 0 | E7: 0 | F7: =D7*1000/B7*12 -> #DIV/0! | G7: =D7*1000000/C7 -> #DIV/0! | H7: =+SUM($D$6:D8)*1000000/SUM($C$6:C8) -> #DIV/0! | I7: =+H7/1000 -> #DIV/0! | J7: =+AVERAGE($D$6:D8) -> 0 | K7: =+IF(J7=0,"Sin eventos registrados",30/J7) -> Sin eventos registrados
A8: 45352 | B8: 0 | C8: 0 | D8: 0 | E8: 0 | F8: =D8*1000/B8*12 -> #DIV/0! | G8: =D8*1000000/C8 -> #DIV/0! | H8: =+SUM($D$6:D9)*1000000/SUM($C$6:C9) -> #DIV/0! | I8: =+H8/1000 -> #DIV/0! | J8: =+AVERAGE($D$6:D9) -> 0 | K8: =+IF(J8=0,"Sin eventos registrados",30/J8) -> Sin eventos registrados
A9: 45383 | B9: 0 | C9: =B9*200 -> 0 | D9: 0 | E9: 0 | F9: =D9*1000/B9*12 -> #DIV/0! | G9: =D9*1000000/C9 -> #DIV/0! | H9: =+SUM($D$6:D10)*1000000/SUM($C$6:C10) -> 0 | I9: =+H9/1000 -> 0 | J9: =+AVERAGE($D$6:D10) -> 0 | K9: =+IF(J9=0,"Sin eventos registrados",30/J9) -> Sin eventos registrados
A10: 45413 | B10: 2 | C10: =B10*200 -> 400 | D10: 0 | E10: 0 | F10: =D10*1000/B10*12 -> 0 | G10: =D10*1000000/C10 -> 0 | H10: =+SUM($D$6:D11)*1000000/SUM($C$6:C11) -> 0 | I10: =+H10/1000 -> 0 | J10: =+AVERAGE($D$6:D11) -> 0 | K10: =+IF(J10=0,"Sin eventos registrados",30/J10) -> Sin eventos registrados
A11: 45444 | B11: 5 | C11: =B11*200 -> 1000 | D11: 0 | E11: 0 | F11: =D11*1000/B11 -> 0 | G11: =D11*1000000/C11 -> 0 | H11: =+SUM($D$6:D12)*1000000/SUM($C$6:C12) -> 0 | I11: =+H11/1000 -> 0 | J11: =+AVERAGE($D$6:D12) -> 0 | K11: =+IF(J11=0,"Sin eventos registrados",30/J11) -> Sin eventos registrados
A12: 45474 | B12: 14 | C12: =B12*200 -> 2800 | D12: 0 | E12: 0 | F12: =D12*1000/B12*12 -> 0 | G12: =D12*1000000/C12 -> 0 | H12: =+SUM($D$6:D13)*1000000/SUM($C$6:C13) -> 0 | I12: =+H12/1000 -> 0 | J12: =+AVERAGE($D$6:D13) -> 0 | K12: =+IF(J12=0,"Sin eventos registrados",30/J12) -> Sin eventos registrados
A13: 45505 | B13: 16 | C13: =B13*200 -> 3200 | D13: 0 | E13: 0 | F13: =D13*1000/B13*12 -> 0 | G13: =D13*1000000/C13 -> 0 | H13: =+SUM($D$6:D14)*1000000/SUM($C$6:C14) -> 0 | I13: =+H13/1000 -> 0 | J13: =+AVERAGE($D$6:D14) -> 0 | K13: =+IF(J13=0,"Sin eventos registrados",30/J13) -> Sin eventos registrados
A14: 45536 | B14: 16 | C14: =B14*200 -> 3200 | D14: 0 | E14: 0 | F14: =D14*1000/B14*12 -> 0 | G14: =D14*1000000/C14 -> 0 | H14: =+SUM($D$6:D15)*1000000/SUM($C$6:C15) -> 0 | I14: =+H14/1000 -> 0 | J14: =+AVERAGE($D$6:D15) -> 0 | K14: =+IF(J14=0,"Sin eventos registrados",30/J14) -> Sin eventos registrados
A15: 45566 | B15: 5 | C15: =B15*200 -> 1000 | D15: 0 | E15: 0 | F15: =D15*1000/B15*12 -> 0 | G15: =D15*1000000/C15 -> 0 | H15: =+SUM($D$6:D16)*1000000/SUM($C$6:C16) -> 0 | I15: =+H15/1000 -> 0 | J15: =+AVERAGE($D$6:D16) -> 0 | K15: =+IF(J15=0,"Sin eventos registrados",30/J15) -> Sin eventos registrados
A16: 45597 | B16: 5 | C16: =B16*200 -> 1000 | D16: 0 | E16: 0 | F16: =D16*1000/B16*12 -> 0 | G16: =D16*1000000/C16 -> 0 | H16: =+SUM($D$6:D17)*1000000/SUM($C$6:C17) -> 0 | I16: =+H16/1000 -> 0 | J16: =+AVERAGE($D$6:D17) -> 0 | K16: =+IF(J16=0,"Sin eventos registrados",30/J16) -> Sin eventos registrados
A17: 45627 | B17: 0 | C17: =B17*200 -> 0 | D17: 0 | E17: 0 | F17: =D17*1000/B17*12 -> #DIV/0! | G17: =D17*1000000/C17 -> #DIV/0! | H17: =+SUM($D$6:D18)*1000000/SUM($C$6:C18) -> 0 | I17: =+H17/1000 -> 0 | J17: =+AVERAGE($D$6:D18) -> 0 | K17: =+IF(J17=0,"Sin eventos registrados",30/J17) -> Sin eventos registrados
B18: 0
A19: Total/Prom | B19: =SUM(B6:B17)/12 -> 5.25 | C19: =SUM(C6:C17) -> 12600 | D19: =SUM(D6:D17) -> 0 | E19: =SUM(E6:E17) -> 0 | F19: =D19*1000/B19 -> 0
A22: Indice de Incidencia = | C22: Trab Siniest x 1.000 | D22: = | E22: =D19*1000/B19 -> 0 | F22: Trabajadores siniestrados por cada 1.000 trabajadores.
C23: Trabajadores exp
A25: Indice de Frecuencia = | C25: Trab Siniest x 1.000.000 | D25: = | E25: =D19*1000000/C19 -> 0 | F25: Trabajadores siniestrados por cada 1.000.000 de hs. trabajadas.
C26: Horas Trabajadas
A28: Indice de Gravedad = | C28: Días Caídos | D28: = | E28: =E19/B19 -> 0 | F28: Cantidad de días no trabajados por acc., por cada trabajador.
A29: (pérdida) | C29: Trabajadores exp
A31: El cálculo del Indice de Incidencia contempla la modificación impuesta por la Res 475/11 Superintendencia de Riesgos de Trabajo:
E58: Lic. Vidal Fernando

Sheet Chapa
C1: INFORME DE SINIESTRALIDAD | F1: 2024
A2: Chapa
C3: Estadísticas de Accidentes | H3: Incorporar a tablero de indicadores | K3: Incorporar a tablero de indicadores
A4: Mes y Año | B4: Personal | C4: Hht | D4: Accidentes | E4: Días Caídos | F4: Indice de I | G4: indice de f | H4: Tasa de frecuencia Acumulado año eventos cada millon de horas (YTD) | I4: Tasa de frecuencia Acumulado año eventos cada mil de horas (YTD) | J4: Promedio Mensual de eventos | K4: Cada cuantos dias se espera un evento
A6: 45292 | B6: 47 | C6: 9192 | D6: 1 | E6: 2 | F6: =D6*1000/B6*12 -> 255.31915 | G6: =D6*1000000/C6 -> 108.79025 | H6: =+D7*1000000/C7 -> 113.9731 | I6: =+H6/1000 -> 0.1139731 | J6: =+AVERAGE($D$6:D7) -> 1 | K6: =+IF(J6=0,"Sin eventos registrados",30/J6) -> 30
A7: 45323 | B7: 41 | C7: 8774 | D7: 1 | E7: 0 | F7: =D7*1000/B7*12 -> 292.68293 | G7: =D7*1000000/C7 -> 113.9731 | H7: =+SUM($D$6:D8)*1000000/SUM($C$6:C8) -> 86.33342 | I7: =+H7/1000 -> 0.08633342 | J7: =+AVERAGE($D$6:D8) -> 0.66666667 | K7: =+IF(J7=0,"Sin eventos registrados",30/J7) -> 45
A8: 45352 | B8: 28 | C8: 5200 | D8: 0 | E8: 0 | F8: =D8*1000/B8*12 -> 0 | G8: =D8*1000000/C8 -> 0 | H8: =+SUM($D$6:D9)*1000000/SUM($C$6:C9) -> 86.33342 | I8: =+H8/1000 -> 0.08633342 | J8: =+AVERAGE($D$6:D9) -> 0.5 | K8: =+IF(J8=0,"Sin eventos registrados",30/J8) -> 60
A9: 45383 | B9: 0 | C9: =B9*22*8 -> 0 | D9: 0 | E9: 0 | F9: =D9*1000/B9*12 -> #DIV/0! | G9: =D9*1000000/C9 -> #DIV/0! | H9: =+SUM($D$6:D10)*1000000/SUM($C$6:C10) -> 86.33342 | I9: =+H9/1000 -> 0.08633342 | J9: =+AVERAGE($D$6:D10) -> 0.4 | K9: =+IF(J9=0,"Sin eventos registrados",30/J9) -> 75
A10: 45413 | B10: 0 | C10: =B10*22*8 -> 0 | D10: 0 | E10: 0 | F10: =D10*1000/B10*12 -> #DIV/0! | G10: =D10*1000000/C10 -> #DIV/0! | H10: =+SUM($D$6:D11)*1000000/SUM($C$6:C11) -> 86.33342 | I10: =+H10/1000 -> 0.08633342 | J10: =+AVERAGE($D$6:D11) -> 0.33333333 | K10: =+IF(J10=0,"Sin eventos registrados",30/J10) -> 90
A11: 45444 | B11: 0 | C11: =B11*22*8 -> 0 | D11: 0 | E11: 0 | F11: =D11*1000/B11*12 -> #DIV/0! | G11: =D11*1000000/C11 -> #DIV/0! | H11: =+SUM($D$6:D12)*1000000/SUM($C$6:C12) -> 86.33342 | I11: =+H11/1000 -> 0.08633342 | J11: =+AVERAGE($D$6:D12) -> 0.28571429 | K11: =+IF(J11=0,"Sin eventos registrados",30/J11) -> 105
A12: 45474 | B12: 0 | C12: =B12*22*8 -> 0 | D12: 0 | E12: 0 | F12: =D12*1000/B12 -> #DIV/0! | G12: =D12*1000000/C12 -> #DIV/0! | H12: =+SUM($D$6:D13)*1000000/SUM($C$6:C13) -> 86.33342 | I12: =+H12/1000 -> 0.08633342 | J12: =+AVERAGE($D$6:D13) -> 0.25 | K12: =+IF(J12=0,"Sin eventos registrados",30/J12) -> 120
A13: 45505 | B13: 0 | C13: =B13*22*8 -> 0 | D13: 0 | E13: 0 | F13: =D13*1000/B13*12 -> #DIV/0! | G13: =D13*1000000/C13 -> #DIV/0! | H13: =+SUM($D$6:D14)*1000000/SUM($C$6:C14) -> 86.33342 | I13: =+H13/1000 -> 0.08633342 | J13: =+AVERAGE($D$6:D14) -> 0.22222222 | K13: =+IF(J13=0,"Sin eventos registrados",30/J13) -> 135
A14: 45536 | B14: 0 | C14: =B14*22*8 -> 0 | D14: 0 | E14: 0 | F14: =D14*1000/B14*12 -> #DIV/0! | G14: =D14*1000000/C14 -> #DIV/0! | H14: =+SUM($D$6:D15)*1000000/SUM($C$6:C15) -> 86.33342 | I14: =+H14/1000 -> 0.08633342 | J14: =+AVERAGE($D$6:D15) -> 0.2 | K14: =+IF(J14=0,"Sin eventos registrados",30/J14) -> 150
A15: 45566 | B15: 0 | C15: =B15*22*8 -> 0 | D15: 0 | E15: 0 | F15: =D15*1000/B15*12 -> #DIV/0! | G15: =D15*1000000/C15 -> #DIV/0! | H15: =+SUM($D$6:D16)*1000000/SUM($C$6:C16) -> 86.33342 | I15: =+H15/1000 -> 0.08633342 | J15: =+AVERAGE($D$6:D16) -> 0.18181818 | K15: =+IF(J15=0,"Sin eventos registrados",30/J15) -> 165
A16: 45597 | B16: 0 | C16: =B16*22*8 -> 0 | D16: 0 | E16: 0 | F16: =D16*1000/B16*12 -> #DIV/0! | G16: =D16*1000000/C16 -> #DIV/0! | H16: =+SUM($D$6:D17)*1000000/SUM($C$6:C17) -> 86.33342 | I16: =+H16/1000 -> 0.08633342 | J16: =+AVERAGE($D$6:D17) -> 0.16666667 | K16: =+IF(J16=0,"Sin eventos registrados",30/J16) -> 180
A17: 45627 | B17: 0 | C17: =B17*22*8 -> 0 | D17: 0 | E17: 0 | F17: =D17*1000/B17*12 -> #DIV/0! | G17: =D17*1000000/C17 -> #DIV/0! | H17: =+SUM($D$6:D18)*1000000/SUM($C$6:C18) -> 86.33342 | I17: =+H17/1000 -> 0.08633342 | J17: =+AVERAGE($D$6:D18) -> 0.16666667 | K17: =+IF(J17=0,"Sin eventos registrados",30/J17) -> 180
A19: Total/Prom | B19: =SUM(B6:B17)/12 -> 9.6666667 | C19: =SUM(C6:C17) -> 23166 | D19: =SUM(D6:D17) -> 2 | E19: =SUM(E6:E17) -> 2 | F19: =D19*1000/B19 -> 206.89655
A22: Indice de Incidencia = | C22: Trab Siniest x 1.000 | D22: = | E22: =D19*1000/B19 -> 206.89655 | F22: Trabajadores siniestrados por cada 1.000 trabajadores.
C23: Trabajadores exp
A25: Indice de Frecuencia = | C25: Trab Siniest x 1.000.000 | D25: = | E25: =D19*1000000/C19 -> 86.33342 | F25: Trabajadores siniestrados por cada 1.000.000 de hs. trabajadas.
C26: Horas Trabajadas
A28: Indice de Gravedad = | C28: Días Caídos | D28: = | E28: =E19/B19 -> 0.20689655 | F28: Cantidad de días no trabajados por acc., por cada trabajador.
A29: (pérdida) | C29: Trabajadores exp
A31: El cálculo del Indice de Incidencia contempla la modificación impuesta por la Res 475/11 Superintendencia de Riesgos de Trabajo:
E58: Lic. Vidal Fernando

Sheet Represa
C1: INFORME DE SINIESTRALIDAD | F1: 2024
A2: Represa
C3: Estadísticas de Accidentes | H3: Incorporar a tablero de indicadores | K3: Incorporar a tablero de indicadores
A4: Mes y Año | B4: Personal | C4: Hht | D4: Accidentes | E4: Días Caídos | F4: Indice de I | G4: indice de f | H4: Tasa de frecuencia Acumulado año eventos cada millon de horas (YTD) | I4: Tasa de frecuencia Acumulado año eventos cada mil de horas (YTD) | J4: Promedio Mensual de eventos | K4: Cada cuantos dias se espera un evento
A6: 45292 | B6: 18 | C6: 4230 | D6: 0 | E6: 0 | F6: =D6*1000/B6*12 -> 0 | G6: =D6*1000000/C6 -> 0 | H6: =+D7*1000000/C7 -> #DIV/0! | I6: =+H6/1000 -> #DIV/0! | J6: =+AVERAGE($D$6:D7) -> 0 | K6: =+IF(J6=0,"Sin eventos registrados",30/J6) -> Sin eventos registrados
A7: 45323 | B7: 0 | C7: 0 | D7: 0 | E7: 0 | F7: =D7*1000/B7*12 -> #DIV/0! | G7: =D7*1000000/C7 -> #DIV/0! | H7: =+SUM($D$6:D8)*1000000/SUM($C$6:C8) -> 0 | I7: =+H7/1000 -> 0 | J7: =+AVERAGE($D$6:D8) -> 0 | K7: =+IF(J7=0,"Sin eventos registrados",30/J7) -> Sin eventos registrados
A8: 45352 | B8: 24 | C8: 1920 | D8: 0 | E8: 0 | F8: =D8*1000/B8*12 -> 0 | G8: =D8*1000000/C8 -> 0 | H8: =+SUM($D$6:D9)*1000000/SUM($C$6:C9) -> 0 | I8: =+H8/1000 -> 0 | J8: =+AVERAGE($D$6:D9) -> 0 | K8: =+IF(J8=0,"Sin eventos registrados",30/J8) -> Sin eventos registrados
A9: 45383 | B9: 0 | C9: =B9*8*22 -> 0 | D9: 0 | E9: 0 | F9: =D9*1000/B9*12 -> #DIV/0! | G9: =D9*1000000/C9 -> #DIV/0! | H9: =+SUM($D$6:D10)*1000000/SUM($C$6:C10) -> 0 | I9: =+H9/1000 -> 0 | J9: =+AVERAGE($D$6:D10) -> 0 | K9: =+IF(J9=0,"Sin eventos registrados",30/J9) -> Sin eventos registrados
A10: 45413 | B10: 0 | C10: =B10*8*22 -> 0 | D10: 0 | E10: 0 | F10: =D10*1000/B10*12 -> #DIV/0! | G10: =D10*1000000/C10 -> #DIV/0! | H10: =+SUM($D$6:D11)*1000000/SUM($C$6:C11) -> 0 | I10: =+H10/1000 -> 0 | J10: =+AVERAGE($D$6:D11) -> 0 | K10: =+IF(J10=0,"Sin eventos registrados",30/J10) -> Sin eventos registrados
A11: 45444 | B11: 0 | C11: =B11*8*22 -> 0 | D11: 0 | E11: 0 | F11: =D11*1000/B11 -> #DIV/0! | G11: =D11*1000000/C11 -> #DIV/0! | H11: =+SUM($D$6:D12)*1000000/SUM($C$6:C12) -> 0 | I11: =+H11/1000 -> 0 | J11: =+AVERAGE($D$6:D12) -> 0 | K11: =+IF(J11=0,"Sin eventos registrados",30/J11) -> Sin eventos registrados
A12: 45474 | B12: 0 | C12: =B12*8*22 -> 0 | D12: 0 | E12: 0 | F12: =D12*1000/B12*12 -> #DIV/0! | G12: =D12*1000000/C12 -> #DIV/0! | H12: =+SUM($D$6:D13)*1000000/SUM($C$6:C13) -> 0 | I12: =+H12/1000 -> 0 | J12: =+AVERAGE($D$6:D13) -> 0 | K12: =+IF(J12=0,"Sin eventos registrados",30/J12) -> Sin eventos registrados
A13: 45505 | B13: 0 | C13: 0 | D13: 0 | E13: 0 | F13: =D13*1000/B13*12 -> #DIV/0! | G13: =D13*1000000/C13 -> #DIV/0! | H13: =+SUM($D$6:D14)*1000000/SUM($C$6:C14) -> 0 | I13: =+H13/1000 -> 0 | J13: =+AVERAGE($D$6:D14) -> 0 | K13: =+IF(J13=0,"Sin eventos registrados",30/J13) -> Sin eventos registrados
A14: 45536 | B14: 0 | C14: =B14*8*22 -> 0 | D14: 0 | E14: 0 | F14: =D14*1000/B14*12 -> #DIV/0! | G14: =D14*1000000/C14 -> #DIV/0! | H14: =+SUM($D$6:D15)*1000000/SUM($C$6:C15) -> 0 | I14: =+H14/1000 -> 0 | J14: =+AVERAGE($D$6:D15) -> 0 | K14: =+IF(J14=0,"Sin eventos registrados",30/J14) -> Sin eventos registrados
A15: 45566 | B15: 0 | C15: =B15*8*22 -> 0 | D15: 0 | E15: 0 | F15: =D15*1000/B15*12 -> #DIV/0! | G15: =D15*1000000/C15 -> #DIV/0! | H15: =+SUM($D$6:D16)*1000000/SUM($C$6:C16) -> 0 | I15: =+H15/1000 -> 0 | J15: =+AVERAGE($D$6:D16) -> 0 | K15: =+IF(J15=0,"Sin eventos registrados",30/J15) -> Sin eventos registrados
A16: 45597 | B16: 0 | C16: =B16*8*22 -> 0 | D16: 0 | E16: 0 | F16: =D16*1000/B16*12 -> #DIV/0! | G16: =D16*1000000/C16 -> #DIV/0! | H16: =+SUM($D$6:D17)*1000000/SUM($C$6:C17) -> 0 | I16: =+H16/1000 -> 0 | J16: =+AVERAGE($D$6:D17) -> 0 | K16: =+IF(J16=0,"Sin eventos registrados",30/J16) -> Sin eventos registrados
A17: 45627 | B17: 0 | C17: =B17*8*22 -> 0 | D17: 0 | E17: 0 | F17: =D17*1000/B17*12 -> #DIV/0! | G17: =D17*1000000/C17 -> #DIV/0! | H17: =+SUM($D$6:D18)*1000000/SUM($C$6:C18) -> 0 | I17: =+H17/1000 -> 0 | J17: =+AVERAGE($D$6:D18) -> 0 | K17: =+IF(J17=0,"Sin eventos registrados",30/J17) -> Sin eventos registrados
B18: 0
A19: Total/Prom | B19: =SUM(B6:B17)/12 -> 3.5 | C19: =SUM(C6:C17) -> 6150 | D19: =SUM(D6:D17) -> 0 | E19: =SUM(E6:E17) -> 0 | F19: =D19*1000/B19 -> 0
A22: Indice de Incidencia = | C22: Trab Siniest x 1.000 | D22: = | E22: =D19*1000/B19 -> 0 | F22: Trabajadores siniestrados por cada 1.000 trabajadores.
C23: Trabajadores exp
A25: Indice de Frecuencia = | C25: Trab Siniest x 1.000.000 | D25: = | E25: =D19*1000000/C19 -> 0 | F25: Trabajadores siniestrados por cada 1.000.000 de hs. trabajadas.
C26: Horas Trabajadas
A28: Indice de Gravedad = | C28: Días Caídos | D28: = | E28: =E19/B19 -> 0 | F28: Cantidad de días no trabajados por acc., por cada trabajador.
A29: (pérdida) | C29: Trabajadores exp
A31: El cálculo del Indice de Incidencia contempla la modificación impuesta por la Res 475/11 Superintendencia de Riesgos de Trabajo:
E58: Lic. Vidal Fernando

Sheet Rio Turbio
C1: INFORME DE SINIESTRALIDAD | F1: 2024
A2: Rio Turbio
C3: Estadísticas de Accidentes | H3: Incorporar a tablero de indicadores | K3: Incorporar a tablero de indicadores
A4: Mes y Año | B4: Personal | C4: Hht | D4: Accidentes | E4: Días Caídos | F4: Indice de I | G4: indice de f | H4: Tasa de frecuencia Acumulado año eventos cada millon de horas (YTD) | I4: Tasa de frecuencia Acumulado año eventos cada mil de horas (YTD) | J4: Promedio Mensual de eventos | K4: Cada cuantos dias se espera un evento
A6: 45292 | B6: 4 | C6: 624 | D6: 0 | E6: 0 | F6: =D6*1000/B6*12 -> 0 | G6: =D6*1000000/C6 -> 0 | H6: =+D7*1000000/C7 -> 0 | I6: =+H6/1000 -> 0 | J6: =+AVERAGE($D$6:D7) -> 0 | K6: =+IF(J6=0,"Sin eventos registrados",30/J6) -> Sin eventos registrados
A7: 45323 | B7: 3 | C7: =B7*200 -> 600 | D7: 0 | E7: 0 | F7: =D7*1000/B7*12 -> 0 | G7: =D7*1000000/C7 -> 0 | H7: =+SUM($D$6:D8)*1000000/SUM($C$6:C8) -> 0 | I7: =+H7/1000 -> 0 | J7: =+AVERAGE($D$6:D8) -> 0 | K7: =+IF(J7=0,"Sin eventos registrados",30/J7) -> Sin eventos registrados
A8: 45352 | B8: 2 | C8: =200*B8 -> 400 | D8: 0 | E8: 0 | F8: =D8*1000/B8*12 -> 0 | G8: =D8*1000000/C8 -> 0 | H8: =+SUM($D$6:D9)*1000000/SUM($C$6:C9) -> 0 | I8: =+H8/1000 -> 0 | J8: =+AVERAGE($D$6:D9) -> 0 | K8: =+IF(J8=0,"Sin eventos registrados",30/J8) -> Sin eventos registrados
A9: 45383 | B9: 2 | C9: =200*B9 -> 400 | D9: 0 | E9: 0 | F9: =D9*1000/B9*12 -> 0 | G9: =D9*1000000/C9 -> 0 | H9: =+SUM($D$6:D10)*1000000/SUM($C$6:C10) -> 0 | I9: =+H9/1000 -> 0 | J9: =+AVERAGE($D$6:D10) -> 0 | K9: =+IF(J9=0,"Sin eventos registrados",30/J9) -> Sin eventos registrados
A10: 45413 | B10: 0 | C10: 0 | D10: 0 | E10: 0 | F10: =D10*1000/B10 -> #DIV/0! | G10: =D10*1000000/C10 -> #DIV/0! | H10: =+SUM($D$6:D11)*1000000/SUM($C$6:C11) -> 0 | I10: =+H10/1000 -> 0 | J10: =+AVERAGE($D$6:D11) -> 0 | K10: =+IF(J10=0,"Sin eventos registrados",30/J10) -> Sin eventos registrados
A11: 45444 | B11: 0 | C11: 0 | D11: 0 | E11: 0 | F11: =D11*1000/B11*12 -> #DIV/0! | G11: =D11*1000000/C11 -> #DIV/0! | H11: =+SUM($D$6:D12)*1000000/SUM($C$6:C12) -> 0 | I11: =+H11/1000 -> 0 | J11: =+AVERAGE($D$6:D12) -> 0 | K11: =+IF(J11=0,"Sin eventos registrados",30/J11) -> Sin eventos registrados
A12: 45474 | B12: 0 | C12: 0 | D12: 0 | E12: 0 | F12: =D12*1000/B12*12 -> #DIV/0! | G12: =D12*1000000/C12 -> #DIV/0! | H12: =+SUM($D$6:D13)*1000000/SUM($C$6:C13) -> 0 | I12: =+H12/1000 -> 0 | J12: =+AVERAGE($D$6:D13) -> 0 | K12: =+IF(J12=0,"Sin eventos registrados",30/J12) -> Sin eventos registrados
A13: 45505 | B13: 0 | C13: 0 | D13: 0 | E13: 0 | F13: =D13*1000/B13*12 -> #DIV/0! | G13: =D13*1000000/C13 -> #DIV/0! | H13: =+SUM($D$6:D14)*1000000/SUM($C$6:C14) -> 0 | I13: =+H13/1000 -> 0 | J13: =+AVERAGE($D$6:D14) -> 0 | K13: =+IF(J13=0,"Sin eventos registrados",30/J13) -> Sin eventos registrados
A14: 45536 | B14: 0 | C14: 0 | D14: 0 | E14: 0 | F14: =D14*1000/B14*12 -> #DIV/0! | G14: =D14*1000000/C14 -> #DIV/0! | H14: =+SUM($D$6:D15)*1000000/SUM($C$6:C15) -> 0 | I14: =+H14/1000 -> 0 | J14: =+AVERAGE($D$6:D15) -> 0 | K14: =+IF(J14=0,"Sin eventos registrados",30/J14) -> Sin eventos registrados
A15: 45566 | B15: 0 | C15: 0 | D15: 0 | E15: 0 | F15: =D15*1000/B15*12 -> #DIV/0! | G15: =D15*1000000/C15 -> #DIV/0! | H15: =+SUM($D$6:D16)*1000000/SUM($C$6:C16) -> 0 | I15: =+H15/1000 -> 0 | J15: =+AVERAGE($D$6:D16) -> 0 | K15: =+IF(J15=0,"Sin eventos registrados",30/J15) -> Sin eventos registrados
A16: 45597 | B16: 0 | C16: 0 | D16: 0 | E16: 0 | F16: =D16*1000/B16*12 -> #DIV/0! | G16: =D16*1000000/C16 -> #DIV/0! | H16: =+SUM($D$6:D17)*1000000/SUM($C$6:C17) -> 0 | I16: =+H16/1000 -> 0 | J16: =+AVERAGE($D$6:D17) -> 0 | K16: =+IF(J16=0,"Sin eventos registrados",30/J16) -> Sin eventos registrados
A17: 45627 | B17: 0 | C17: 0 | D17: 0 | E17: 0 | F17: =D17*1000/B17*12 -> #DIV/0! | G17: =D17*1000000/C17 -> #DIV/0! | H17: =+SUM($D$6:D18)*1000000/SUM($C$6:C18) -> 0 | I17: =+H17/1000 -> 0 | J17: =+AVERAGE($D$6:D18) -> 0 | K17: =+IF(J17=0,"Sin eventos registrados",30/J17) -> Sin eventos registrados
A19: Total/Prom | B19: =SUM(B6:B17)/12 -> 0.91666667 | C19: =SUM(C6:C17) -> 2024 | D19: =SUM(D6:D17) -> 0 | E19: =SUM(E6:E17) -> 0 | F19: =D19*1000/B19 -> 0
A22: Indice de Incidencia = | C22: Trab Siniest x 1.000 | D22: = | E22: =D19*1000/B19 -> 0 | F22: Trabajadores siniestrados por cada 1.000 trabajadores.
C23: Trabajadores exp
A25: Indice de Frecuencia = | C25: Trab Siniest x 1.000.000 | D25: = | E25: =D19*1000000/C19 -> 0 | F25: Trabajadores siniestrados por cada 1.000.000 de hs. trabajadas.
C26: Horas Trabajadas
A28: Indice de Gravedad = | C28: Días Caídos | D28: = | E28: =E19/B19 -> 0 | F28: Cantidad de días no trabajados por acc., por cada trabajador.
A29: (pérdida) | C29: Trabajadores exp
A31: El cálculo del Indice de Incidencia contempla la modificación impuesta por la Res 475/11 Superintendencia de Riesgos de Trabajo:
E58: lic Vidal Fernando

Sheet Vicente Lopez
C1: INFORME DE SINIESTRALIDAD | F1: 2024
A2: Vicente Lopez
C3: Estadísticas de Accidentes | H3: Incorporar a tablero de indicadores | K3: Incorporar a tablero de indicadores
A4: Mes y Año | B4: Personal | C4: Hht | D4: Accidentes | E4: Días Caídos | F4: Indice de I | G4: indice de f | H4: Tasa de frecuencia Acumulado año eventos cada millon de horas (YTD) | I4: Tasa de frecuencia Acumulado año eventos cada mil de horas (YTD) | J4: Promedio Mensual de eventos | K4: Cada cuantos dias se espera un evento
A6: 45292 | B6: 8 | C6: 1880 | D6: 0 | E6: 0 | F6: =D6*1000/B6*12 -> 0 | G6: =D6*1000000/C6 -> 0 | H6: =+D7*1000000/C7 -> 0 | I6: =+H6/1000 -> 0 | J6: =+AVERAGE($D$6:D7) -> 0 | K6: =+IF(J6=0,"Sin eventos registrados",30/J6) -> Sin eventos registrados
A7: 45323 | B7: 8 | C7: 1800 | D7: 0 | E7: 0 | F7: =D7*1000/B7*12 -> 0 | G7: =D7*1000000/C7 -> 0 | H7: =+SUM($D$6:D8)*1000000/SUM($C$6:C8) -> 0 | I7: =+H7/1000 -> 0 | J7: =+AVERAGE($D$6:D8) -> 0 | K7: =+IF(J7=0,"Sin eventos registrados",30/J7) -> Sin eventos registrados
A8: 45352 | B8: 8 | C8: 1768 | D8: 0 | E8: 0 | F8: =D8*1000/B8*12 -> 0 | G8: =D8*1000000/C8 -> 0 | H8: =+SUM($D$6:D9)*1000000/SUM($C$6:C9) -> 0 | I8: =+H8/1000 -> 0 | J8: =+AVERAGE($D$6:D9) -> 0 | K8: =+IF(J8=0,"Sin eventos registrados",30/J8) -> Sin eventos registrados
A9: 45383 | B9: 5 | C9: =B9*200 -> 1000 | D9: 0 | E9: 0 | F9: =D9*1000/B9*12 -> 0 | G9: =D9*1000000/C9 -> 0 | H9: =+SUM($D$6:D10)*1000000/SUM($C$6:C10) -> 0 | I9: =+H9/1000 -> 0 | J9: =+AVERAGE($D$6:D10) -> 0 | K9: =+IF(J9=0,"Sin eventos registrados",30/J9) -> Sin eventos registrados
A10: 45413 | B10: 6 | C10: 1416 | D10: 0 | E10: 0 | F10: =D10*1000/B10*12 -> 0 | G10: =D10*1000000/C10 -> 0 | H10: =+SUM($D$6:D11)*1000000/SUM($C$6:C11) -> 0 | I10: =+H10/1000 -> 0 | J10: =+AVERAGE($D$6:D11) -> 0 | K10: =+IF(J10=0,"Sin eventos registrados",30/J10) -> Sin eventos registrados
A11: 45444 | B11: 6 | C11: =B11*200 -> 1200 | D11: 0 | E11: 0 | F11: =D11*1000/B11*12 -> 0 | G11: =D11*1000000/C11 -> 0 | H11: =+SUM($D$6:D12)*1000000/SUM($C$6:C12) -> 0 | I11: =+H11/1000 -> 0 | J11: =+AVERAGE($D$6:D12) -> 0 | K11: =+IF(J11=0,"Sin eventos registrados",30/J11) -> Sin eventos registrados
A12: 45474 | B12: 0 | C12: =B12*8*22 -> 0 | D12: 0 | E12: 0 | F12: =D12*1000/B12 -> #DIV/0! | G12: =D12*1000000/C12 -> #DIV/0! | H12: =+SUM($D$6:D13)*1000000/SUM($C$6:C13) -> 0 | I12: =+H12/1000 -> 0 | J12: =+AVERAGE($D$6:D13) -> 0 | K12: =+IF(J12=0,"Sin eventos registrados",30/J12) -> Sin eventos registrados
A13: 45505 | B13: 0 | C13: =B13*8*22 -> 0 | D13: 0 | E13: 0 | F13: =D13*1000/B13*12 -> #DIV/0! | G13: =D13*1000000/C13 -> #DIV/0! | H13: =+SUM($D$6:D14)*1000000/SUM($C$6:C14) -> 0 | I13: =+H13/1000 -> 0 | J13: =+AVERAGE($D$6:D14) -> 0 | K13: =+IF(J13=0,"Sin eventos registrados",30/J13) -> Sin eventos registrados
